Test Code,QC Code,DATE,17OP,PROG,TESTMS,ANDRO,11DESC,DOC,CORTMS,17PRE,TYR,PHE
PATY,C-PATY1,8/13/2021,,,,,,,,,53,43.48377724
PATY,C-PATY2,8/13/2021,,,,,,,,,458,463.7748184
PATY,C-PATY3,8/13/2021,,,,,,,,,1270,1274.794189
PATY,C-PATY1,8/14/2021,,,,,,,,,56.2,46.768523
PATY,C-PATY2,8/14/2021,,,,,,,,,386,384.7845036
PATY,C-PATY3,8/14/2021,,,,,,,,,1390,1360.823245
PATY,C-PATY1,8/15/2021,,,,,,,,,55.9,46.45569007
PATY,C-PATY2,8/15/2021,,,,,,,,,396,389.4769976
PATY,C-PATY3,8/15/2021,,,,,,,,,1350,1321.719128
PATY,C-PATY1,8/18/2021,,,,,,,,,54.2,45.28256659
PATY,C-PATY2,8/18/2021,,,,,,,,,413,409.0290557
PATY,C-PATY3,8/18/2021,,,,,,,,,1360,1321.719128
PATY,C-PATY1,8/19/2021,,,,,,,,,55.6,45.59539952
PATY,C-PATY2,8/19/2021,,,,,,,,,410,419.9782082
PATY,C-PATY3,8/19/2021,,,,,,,,,1290,1235.690073
PATY,C-PATY1,8/21/2021,,,,,,,,,53,42.23244552
PATY,C-PATY2,8/21/2021,,,,,,,,,386,395.7336562
PATY,C-PATY3,8/21/2021,,,,,,,,,1400,1329.539952
CAH6,C-CAH1,8/21/2021,3.33,6.74,5.84,5.36,4.99,4.83,,,,
CAH6,C-CAH1,8/21/2021,3.79,6.55,6.5,6.19,5.64,5.42,,,,
CAH6,C-CAH2,8/21/2021,107,148,159,154,145,143,2.83,971,,
CAH6,C-CAH2,8/21/2021,111,145,162,149,144,144,2.86,956,,
CAH6,C-CAH3,8/21/2021,1310,1700,1750,1750,1630,1630,30.4,10200,,
CAH6,C-CAH3,8/21/2021,1330,1800,1830,1830,1670,1720,31.7,10800,,
CAH6,C-CAH1,8/25/2021,4.17,6.24,7.45,7.17,5.7,6.22,,,,
CAH6,C-CAH1,8/25/2021,4.25,5.26,7.92,7,6.24,6.6,,,,
CAH6,C-CAH2,8/25/2021,117,163,167,154,150,137,2.97,1090,,
CAH6,C-CAH2,8/25/2021,121,155,169,153,146,147,3,1020,,
CAH6,C-CAH3,8/25/2021,1180,1620,1690,1530,1510,1460,29.1,10300,,
CAH6,C-CAH3,8/25/2021,1190,1580,1620,1430,1590,1440,29.9,10000,,
CAH6,C-CAH1,8/26/2021,3.41,7.45,5.72,7.26,5.32,4.78,,,,
CAH6,C-CAH1,8/26/2021,4.07,6.12,6.65,6.86,5.77,5.11,,,,
CAH6,C-CAH1,8/26/2021,4.14,6.19,6.71,7.16,5.66,4.16,,,,
CAH6,C-CAH1,8/26/2021,5.15,7.32,5.39,6.35,5.76,5.37,,,,
CAH6,C-CAH2,8/26/2021,116,167,162,157,156,148,2.93,1020,,
CAH6,C-CAH2,8/26/2021,118,147,158,152,144,145,2.84,998,,
CAH6,C-CAH2,8/26/2021,119,162,168,157,155,141,2.91,1060,,
CAH6,C-CAH2,8/26/2021,127,165,166,158,156,149,2.89,1060,,
CAH6,C-CAH3,8/26/2021,1120,1580,1680,1560,1500,1500,29.2,10200,,
CAH6,C-CAH3,8/26/2021,1160,1630,1620,1650,1540,1540,29.4,10900,,
CAH6,C-CAH3,8/26/2021,1180,1570,1660,1650,1450,1520,28.9,10200,,
CAH6,C-CAH3,8/26/2021,1220,1640,1700,1650,1620,1550,29.6,11000,,
CAH6,C-CAH1,8/28/2021,3.33,5.97,8.1,4.86,4.86,4.72,,,,
CAH6,C-CAH1,8/28/2021,4.42,6.23,7.53,5.45,5.45,6.06,,,,
CAH6,C-CAH2,8/28/2021,113,156,159,155,155,156,2.83,958,,
CAH6,C-CAH2,8/28/2021,114,156,158,150,150,141,2.9,966,,
CAH6,C-CAH3,8/28/2021,1140,1550,1610,1390,1390,1500,28.1,9140,,
CAH6,C-CAH3,8/28/2021,1200,1640,1640,1510,1510,1580,29.6,9710,,
CAH6,C-CAH1,9/2/2021,3.68,5.2,7.31,6.56,5.97,5.36,,,,
CAH6,C-CAH2,9/2/2021,114,155,166,151,143,142,2.8,1000,,
CAH6,C-CAH3,9/2/2021,1320,1620,1640,1600,1430,1470,29.2,9640,,
PATY,C-PATY1,9/3/2021,,,,,,,,,50.7,41.37215496
PATY,C-PATY2,9/3/2021,,,,,,,,,392,401.9903148
PATY,C-PATY3,9/3/2021,,,,,,,,,1390,1353.002421
PATY,C-PATY1,9/4/2021,,,,,,,,,60,48.25447942
PATY,C-PATY2,9/4/2021,,,,,,,,,485,496.622276
PATY,C-PATY3,9/4/2021,,,,,,,,,1520,1470.31477
CAH6,C-CAH1,9/4/2021,3.55,5.16,6.62,5.21,5.66,4.74,,,,
CAH6,C-CAH1,9/4/2021,3.76,7.6,6.75,5.88,6.03,5.59,,,,
CAH6,C-CAH2,9/4/2021,106,162,158,149,144,141,2.91,905,,
CAH6,C-CAH2,9/4/2021,112,161,159,141,146,143,3.03,906,,
CAH6,C-CAH3,9/4/2021,1150,1590,1650,1630,1580,1500,29.6,10700,,
CAH6,C-CAH3,9/4/2021,1220,1610,1660,1550,1600,1520,30.8,10500,,
CAH6,C-CAH1,9/8/2021,3.49,5.57,5.91,6.86,5.55,5.13,,,,
CAH6,C-CAH2,9/8/2021,112,157,152,155,149,138,2.74,841,,
CAH6,C-CAH3,9/8/2021,1110,1630,1470,1490,1420,1360,26.6,9920,,
PATY,C-PATY1,9/10/2021,,,,,,,,,54.5,44.65690073
PATY,C-PATY2,9/10/2021,,,,,,,,,419,427.0169492
PATY,C-PATY3,9/10/2021,,,,,,,,,1430,1415.569007
CAH6,C-CAH1,9/11/2021,4.37,6.58,7.84,6.44,5.09,5.94,,,,
CAH6,C-CAH2,9/11/2021,134,156,169,163,160,146,3.24,979,,
CAH6,C-CAH3,9/11/2021,1230,1690,1740,1650,1380,1470,32.2,10700,,
CAH6,C-CAH1,9/15/2021,3.62,7.21,7.31,7.03,6.4,4.49,,,,
CAH6,C-CAH2,9/15/2021,128,164,166,156,151,143,2.94,956,,
CAH6,C-CAH3,9/15/2021,1260,1560,1660,1580,1460,1480,29.2,9730,,
CAH6,C-CAH1,9/19/2021,3.6,6.73,5.8,4.65,4.99,4.58,,,,
CAH6,C-CAH2,9/19/2021,109,170,170,153,157,149,3.06,976,,
CAH6,C-CAH3,9/19/2021,1060,1450,1490,1480,1340,1390,28,8930,,
CAH6,C-CAH3,9/19/2021,,1540,1530,,1450,,,,,
CAH6,C-CAH1,9/22/2021,4.35,6.02,7.69,5.55,5.84,5.48,,,,
CAH6,C-CAH2,9/22/2021,133,161,170,156,158,145,2.95,1010,,
CAH6,C-CAH3,9/22/2021,1240,1530,1670,1470,1480,1410,29.3,8920,,
CAH6,C-CAH1,9/25/2021,4.98,6.76,6.61,5.51,6.22,5.07,,,,
CAH6,C-CAH1,9/25/2021,5.02,7.45,7.06,5.48,5.8,5.6,,,,
CAH6,C-CAH2,9/25/2021,115,153,160,148,154,138,2.94,,,
CAH6,C-CAH3,9/25/2021,1320,1600,1740,1590,1590,1510,30.8,,,
CAH6,C-CAH3,9/25/2021,1360,1580,1740,1600,1500,1480,31.1,,,
CAH6,C-CAH2,9/25/2021,,153,,,,,,,,
CAH6,C-CAH1,9/29/2021,4.01,6.7,7.22,5.73,4.84,5,,,,
CAH6,C-CAH2,9/29/2021,123,156,162,150,152,141,2.75,1000,,
CAH6,C-CAH3,9/29/2021,1280,1560,1690,1630,1430,1480,28.4,10300,,
CAH6,C-CAH1,10/2/2021,4.87,5.68,5.86,6.51,4.9,4.78,,,,
CAH6,C-CAH2,10/2/2021,117,155,163,155,154,147,2.9,968,,
CAH6,C-CAH3,10/2/2021,1200,1590,1620,1540,1450,1480,29.4,10300,,
PATY,C-PATY1,10/3/2021,,,,,,,,,60,49.58401937
PATY,C-PATY2,10/3/2021,,,,,,,,,421,436.401937
PATY,C-PATY3,10/3/2021,,,,,,,,,1460,1439.031477
CAH6,C-CAH1,10/6/2021,3.88,6.97,7.84,6.29,6.45,6.04,,,,
CAH6,C-CAH2,10/6/2021,128,155,159,152,145,145,3.06,1020,,
CAH6,C-CAH3,10/6/2021,1220,1550,1630,1500,1360,1420,29.2,10800,,
PATY,C-PATY1,10/9/2021,,,,,,,,,57,48.48910412
PATY,C-PATY2,10/9/2021,,,,,,,,,447,453.6077482
PATY,C-PATY3,10/9/2021,,,,,,,,,1470,1454.673123
CAH6,C-CAH1,10/9/2021,4.15,6.04,7.81,6.31,5.36,5.02,,,,
CAH6,C-CAH2,10/9/2021,130,158,159,155,150,141,2.86,919,,
CAH6,C-CAH3,10/9/2021,1230,1550,1560,1540,1520,1330,28.3,9200,,
PATY,C-PATY1,10/10/2021,,,,,,,,,56.8,48.17627119
PATY,C-PATY2,10/10/2021,,,,,,,,,447,448.1331719
PATY,C-PATY3,10/10/2021,,,,,,,,,1590,1509.418886
PATY,C-PATY1,10/13/2021,,,,,,,,,59.1,49.19297821
PATY,C-PATY2,10/13/2021,,,,,,,,,454,470.031477
PATY,C-PATY3,10/13/2021,,,,,,,,,1480,1439.031477
CAH6,C-CAH1,10/13/2021,4.66,5.58,5.81,7.55,5.95,3.48,,,,
CAH6,C-CAH2,10/13/2021,121,153,165,158,145,150,2.8,972,,
CAH6,C-CAH3,10/13/2021,1300,1650,1770,1650,1610,1550,30.1,11000,,
CAH6,C-CAH1,10/16/2021,4.05,6.34,7.12,7.27,5.89,4.08,,,,
CAH6,C-CAH2,10/16/2021,130,156,165,151,145,147,2.92,1090,,
CAH6,C-CAH3,10/16/2021,1190,1560,1620,1550,1460,1480,28.9,9560,,
CAH6,C-CAH1,10/20/2021,3.44,6.69,7.21,5.25,5.93,5.43,,,,
CAH6,C-CAH2,10/20/2021,111,158,159,155,157,142,3.01,916,,
CAH6,C-CAH3,10/20/2021,1240,1550,1610,1640,1440,1360,28.6,9240,,
CAH6,C-CAH1,10/23/2021,5.09,,,,,,,,,
CAH6,C-CAH1,10/23/2021,5.91,5.25,6.95,5.28,6.26,5.84,,,,
CAH6,C-CAH2,10/23/2021,128,154,170,150,149,147,2.86,1140,,
CAH6,C-CAH3,10/23/2021,1300,1520,1650,1490,1550,1390,27.7,9360,,
CAH6,C-CAH2,10/23/2021,,,,,,,,877,,
CAH6,C-CAH1,10/27/2021,5.13,,,,,,,,,
CAH6,C-CAH1,10/27/2021,5.76,5.59,7.21,6.38,6.04,6.53,,,,
CAH6,C-CAH2,10/27/2021,119,168,168,155,151,146,2.9,878,,
CAH6,C-CAH3,10/27/2021,1150,1610,1690,1620,1620,1440,29,8600,,
CAH6,C-CAH3,10/27/2021,,,,,,,,9330,,
CAH6,C-CAH1,10/30/2021,5.1,6.45,7.06,6.7,4.64,4.95,,,,
CAH6,C-CAH2,10/30/2021,117,156,170,144,141,155,2.74,957,,
CAH6,C-CAH3,10/30/2021,1140,1400,1680,1510,1430,1570,27.6,9520,,
CAH6,C-CAH1,10/31/2021,5.11,5.33,6.72,5.59,6.39,5.75,,,,
CAH6,C-CAH2,10/31/2021,138,152,172,154,151,143,2.92,899,,
CAH6,C-CAH3,10/31/2021,1250,1510,1560,1520,1490,1490,28.3,9270,,
PATY,C-PATY1,11/3/2021,,,,,,,,,56.5,46.06464891
PATY,C-PATY1,11/3/2021,,,,,,,,,57.5,47.15956416
PATY,C-PATY2,11/3/2021,,,,,,,,,418,420.7602906
PATY,C-PATY2,11/3/2021,,,,,,,,,425,437.9661017
PATY,C-PATY3,11/3/2021,,,,,,,,,1380,1345.181598
PATY,C-PATY3,11/3/2021,,,,,,,,,1660,1634.552058
CAH6,C-CAH1,11/3/2021,4.29,6.73,5.91,5.8,4.55,5.26,,,,
CAH6,C-CAH2,11/3/2021,112,159,163,160,161,154,2.93,968,,
CAH6,C-CAH3,11/3/2021,1090,1650,1670,1560,1480,1490,28.5,10600,,
PATY,C-PATY1,11/5/2021,,,,,,,,,58.9,47.94164649
PATY,C-PATY2,11/5/2021,,,,,,,,,414,416.0677966
PATY,C-PATY3,11/5/2021,,,,,,,,,1440,1337.360775
PATY,C-PATY1,11/6/2021,,,,,,,,,66,54.43292978
PATY,C-PATY2,11/6/2021,,,,,,,,,468,459.8644068
PATY,C-PATY2,11/6/2021,,,,,,,,,503,513.8280872
PATY,C-PATY3,11/6/2021,,,,,,,,,1440,1431.210654
PATY,C-PATY3,11/6/2021,,,,,,,,,1490,1423.389831
CAH6,C-CAH1,11/6/2021,4.9,6.66,6.88,5.36,6.33,4.59,,,,
CAH6,C-CAH2,11/6/2021,114,137,143,132,134,130,2.49,880,,
CAH6,C-CAH3,11/6/2021,1240,1570,1600,1510,1440,1410,27.3,8860,,
CAH6,C-CAH2,11/6/2021,,,,,,,2.54,,,
PATY,C-PATY1,11/7/2021,,,,,,,,,56.3,45.67360775
PATY,C-PATY2,11/7/2021,,,,,,,,,469,474.7239709
PATY,C-PATY3,11/7/2021,,,,,,,,,1340,1321.719128
PATY,C-PATY1,11/10/2021,,,,,,,,,60.7,50.20968523
PATY,C-PATY2,11/10/2021,,,,,,,,,435,441.8765133
PATY,C-PATY3,11/10/2021,,,,,,,,,1520,1478.135593
CAH6,C-CAH1,11/10/2021,3.67,6.18,5.96,5.75,5.72,5.79,,,,
CAH6,C-CAH2,11/10/2021,121,155,155,152,145,148,2.78,1020,,
CAH6,C-CAH3,11/10/2021,1190,1540,1620,1590,1480,1440,28.9,9450,,
PATY,C-PATY1,11/11/2021,,,,,,,,,57.6,46.92493947
PATY,C-PATY2,11/11/2021,,,,,,,,,486,487.2372881
PATY,C-PATY3,11/11/2021,,,,,,,,,1540,1517.239709
PATY,C-PATY1,11/12/2021,,,,,,,,,55.2,46.14285714
PATY,C-PATY2,11/12/2021,,,,,,,,,469,477.8523002
PATY,C-PATY3,11/12/2021,,,,,,,,,1440,1368.644068
PATY,C-PATY1,11/13/2021,,,,,,,,,63.4,53.0251816
PATY,C-PATY2,11/13/2021,,,,,,,,,448,452.8256659
PATY,C-PATY3,11/13/2021,,,,,,,,,1490,1439.031477
CAH6,C-CAH1,11/13/2021,3.77,6.18,6.84,6.29,5.96,5.98,,,,
CAH6,C-CAH2,11/13/2021,132,151,160,154,151,151,2.94,970,,
CAH6,C-CAH3,11/13/2021,1250,1450,1540,1510,1340,1470,27.6,8160,,
PATY,C-PATY1,11/14/2021,,,,,,,,,61.1,50.131477
PATY,C-PATY2,11/14/2021,,,,,,,,,477,486.4552058
PATY,C-PATY3,11/14/2021,,,,,,,,,1600,1548.523002
PATY,C-PATY1,11/17/2021,,,,,,,,,57.6,47.47239709
PATY,C-PATY2,11/17/2021,,,,,,,,,469,476.2881356
PATY,C-PATY3,11/17/2021,,,,,,,,,1510,1446.8523
CAH6,C-CAH1,11/17/2021,4.29,6.96,7.13,6.25,4.76,4.99,,,,
CAH6,C-CAH2,11/17/2021,115,139,150,145,135,139,2.575,920,,
CAH6,C-CAH3,11/17/2021,1350,1650,1650,1700,1530,1520,30.8,10400,,
CAH6,C-CAH2,11/17/2021,,,,,146,,,,,
PATY,C-PATY1,11/18/2021,,,,,,,,,57.7,48.33268765
PATY,C-PATY2,11/18/2021,,,,,,,,,483,493.4939467
PATY,C-PATY3,11/18/2021,,,,,,,,,1450,1407.748184
CAH6,C-CAH1,11/20/2021,4.93,6.59,6.79,6.42,5.34,4.92,,,,
CAH6,C-CAH2,11/20/2021,123,146,153,143,136,139,2.78,972,,
CAH6,C-CAH3,11/20/2021,1350,1630,1760,1630,1540,1440,30.4,10000,,
CAH6,C-CAH2,11/20/2021,,,,,144,,,,,
PATY,C-PATY1,11/24/2021,,,,,,,,,77.5,64.7
PATY,C-PATY2,11/24/2021,,,,,,,,,464,471.5956416
PATY,C-PATY3,11/24/2021,,,,,,,,,1480,1415.569007
CAH6,C-CAH1,11/24/2021,3.89,6.49,6.22,5.87,5.67,6.05,,,,
CAH6,C-CAH2,11/24/2021,106,150,144,131,139,126,2.47,917,,
CAH6,C-CAH3,11/24/2021,1310,1700,1670,1550,1470,1430,29.7,10800,,
CAH6,C-CAH2,11/24/2021,,,,,,,2.52,,,
PATY,C-PATY1,11/25/2021,,,,,,,,,55,44.42227603
PATY,C-PATY1,11/25/2021,,,,,,,,,56,45.28256659
PATY,C-PATY2,11/25/2021,,,,,,,,,452,449.6973366
PATY,C-PATY2,11/25/2021,,,,,,,,,484,484.8910412
PATY,C-PATY3,11/25/2021,,,,,,,,,1420,1313.898305
PATY,C-PATY3,11/25/2021,,,,,,,,,1630,1517.239709
PATY,C-PATY1,11/26/2021,,,,,,,,,56.9,46.06464891
PATY,C-PATY1,11/26/2021,,,,,,,,,61,49.6622276
PATY,C-PATY2,11/26/2021,,,,,,,,,415,412.9394673
PATY,C-PATY2,11/26/2021,,,,,,,,,483,472.377724
PATY,C-PATY3,11/26/2021,,,,,,,,,1630,1509.418886
PATY,C-PATY3,11/26/2021,,,,,,,,,1680,1587.627119
CAH6,C-CAH1,11/26/2021,4.94,6.58,7.42,7.29,6.07,5.62,,,,
CAH6,C-CAH2,11/26/2021,106,145,155,139,135,127,2.58,956,,
CAH6,C-CAH3,11/26/2021,1140,1610,1650,1490,1560,1460,28.7,10100,,
PATY,C-PATY1,11/28/2021,,,,,,,,,55.3,45.36077482
PATY,C-PATY2,11/28/2021,,,,,,,,,510,500.5326877
PATY,C-PATY3,11/28/2021,,,,,,,,,1460,1376.464891
CAH6,C-CAH1,12/1/2021,5.09,6.31,7.46,7.69,5.98,4.2,,,,
CAH6,C-CAH2,12/1/2021,100,132,140,129,132,116,2.34,738,,
CAH6,C-CAH3,12/1/2021,1270,1600,1610,1510,1410,1470,28.3,9010,,
PATY,C-PATY1,12/2/2021,,,,,,,,,59.1,46.61210654
PATY,C-PATY2,12/2/2021,,,,,,,,,489,504.4430993
PATY,C-PATY3,12/2/2021,,,,,,,,,1480,1423.389831
PATY,C-PATY1,12/3/2021,,,,,,,,,56.9,45.28256659
PATY,C-PATY2,12/3/2021,,,,,,,,,440,439.5302663
PATY,C-PATY3,12/3/2021,,,,,,,,,1490,1462.493947
PATY,C-PATY1,12/4/2021,,,,,,,,,56.8,45.20435835
PATY,C-PATY2,12/4/2021,,,,,,,,,440,449.6973366
PATY,C-PATY3,12/4/2021,,,,,,,,,1580,1517.239709
CAH6,C-CAH1,12/4/2021,4.08,5.7,6.72,6.91,5.01,4.21,,,,
CAH6,C-CAH2,12/4/2021,112,150,144,130,131,132,2.6,808,,
CAH6,C-CAH3,12/4/2021,1300,1680,1680,1540,1410,1500,27.9,9640,,
PATY,C-PATY1,12/5/2021,,,,,,,,,59.4,47.70702179
PATY,C-PATY2,12/5/2021,,,,,,,,,427,444.2227603
PATY,C-PATY3,12/5/2021,,,,,,,,,1580,1525.060533
PATY,C-PATY1,12/8/2021,,,,,,,,,56.2,45.59539952
PATY,C-PATY2,12/8/2021,,,,,,,,,456,468.4673123
PATY,C-PATY3,12/8/2021,,,,,,,,,1470,1376.464891
CAH6,C-CAH1,12/8/2021,4.72,4.64,7.31,6.69,6.04,3.83,,,,
CAH6,C-CAH2,12/8/2021,109,148,144,137,137,133,2.72,896,,
CAH6,C-CAH3,12/8/2021,1260,1690,1620,1580,1430,1450,29.7,10600,,
CAH6,C-CAH1,12/8/2021,,4.98,,,,4,,,,
PATY,C-PATY1,12/9/2021,,,,,,,,,61.3,49.34939467
PATY,C-PATY2,12/9/2021,,,,,,,,,447,455.9539952
PATY,C-PATY3,12/9/2021,,,,,,,,,1410,1345.181598
PATY,C-PATY1,12/10/2021,,,,,,,,,58.1,47.31598063
PATY,C-PATY2,12/10/2021,,,,,,,,,442,443.440678
PATY,C-PATY3,12/10/2021,,,,,,,,,1470,1407.748184
PATY,C-PATY1,12/11/2021,,,,,,,,,62,51.22639225
PATY,C-PATY2,12/11/2021,,,,,,,,,400,408.2469734
PATY,C-PATY3,12/11/2021,,,,,,,,,1400,1337.360775
CAH6,C-CAH1,12/11/2021,3.74,6.39,6.85,6.8,*7.84,5.38,,,,
CAH6,C-CAH2,12/11/2021,109,135,141,132,137,129,2.53,849,,
CAH6,C-CAH3,12/11/2021,1250,1490,1580,1490,1440,1360,28.6,9260,,
PATY,C-PATY1,12/12/2021,,,,,,,,,53.2,43.17094431
PATY,C-PATY2,12/12/2021,,,,,,,,,432,432.4915254
PATY,C-PATY3,12/12/2021,,,,,,,,,1440,1384.285714
PATY,C-PATY1,12/15/2021,,,,,,,,,56.6,45.36077482
PATY,C-PATY2,12/15/2021,,,,,,,,,458,468.4673123
PATY,C-PATY3,12/15/2021,,,,,,,,,1480,1431.210654
CAH6,C-CAH1,12/15/2021,4.73,6.14,6.42,6.74,6.42,3.96,,,,
CAH6,C-CAH2,12/15/2021,111,137,151,137,133,134,2.56,822,,
CAH6,C-CAH3,12/15/2021,1210,1500,1650,1550,1410,1460,27.8,9760,,
PATY,C-PATY1,12/16/2021,,,,,,,,,56.8,45.83002421
PATY,C-PATY2,12/16/2021,,,,,,,,,452,455.9539952
PATY,C-PATY3,12/16/2021,,,,,,,,,1390,1337.360775
PATY,C-PATY1,12/17/2021,,,,,,,,,56.8,46.37748184
PATY,C-PATY2,12/17/2021,,,,,,,,,422,426.2348668
PATY,C-PATY3,12/17/2021,,,,,,,,,1480,1415.569007
PATY,C-PATY1,12/18/2021,,,,,,,,,63.3,52.08668281
PATY,C-PATY2,12/18/2021,,,,,,,,,462,467.68523
PATY,C-PATY3,12/18/2021,,,,,,,,,1550,1493.77724
CAH6,C-CAH1,12/18/2021,5.58,5.49,7.35,6.57,4.42,4.28,,,,
CAH6,C-CAH2,12/18/2021,117,140,149,141,129,134,2.66,877,,
CAH6,C-CAH3,12/18/2021,1350,1630,1780,1620,1600,1600,30.9,10900,,
PATY,C-PATY1,12/19/2021,,,,,,,,,65.2,53.72905569
PATY,C-PATY2,12/19/2021,,,,,,,,,471,471.5956416
PATY,C-PATY3,12/19/2021,,,,,,,,,1570,1540.702179
PATY,C-PATY1,12/22/2021,,,,,,,,,56.5,45.51719128
PATY,C-PATY2,12/22/2021,,,,,,,,,466,466.9031477
PATY,C-PATY3,12/22/2021,,,,,,,,,1470,1368.644068
CAH6,C-CAH1,12/22/2021,5.34,5.95,6.85,6.82,5.41,5.79,,,,
CAH6,C-CAH2,12/22/2021,117,140,147,136,129,129,2.67,878,,
CAH6,C-CAH3,12/22/2021,1270,1590,1620,1590,170,1500,29.1,9700,,
PATY,C-PATY1,12/23/2021,,,,,,,,,54.7,44.50048426
PATY,C-PATY2,12/23/2021,,,,,,,,,427,427.0169492
PATY,C-PATY3,12/23/2021,,,,,,,,,1470,1415.569007
CAH6,C-CAH1,12/25/2021,5.53,5.13,7.09,6.15,5.37,5.85,,,,
CAH6,C-CAH2,12/25/2021,118,142,150,139,134,136,2.66,903,,
CAH6,C-CAH3,12/25/2021,1200,1460,1600,1480,1390,1460,28.6,9280,,
PATY,C-PATY1,12/26/2021,,,,,,,,,61.2,50.44430993
PATY,C-PATY2,12/26/2021,,,,,,,,,435,444.2227603
PATY,C-PATY3,12/26/2021,,,,,,,,,1560,1532.881356
PATY,C-PATY1,12/29/2021,,,,,,,,,59,47.2377724
PATY,C-PATY2,12/29/2021,,,,,,,,,460,460.6464891
PATY,C-PATY3,12/29/2021,,,,,,,,,1390,1353.002421
CAH6,C-CAH1,12/29/2021,4.8,6.84,7.04,6.72,5.53,5.77,,,,
CAH6,C-CAH2,12/29/2021,111,138,146,134,135,128,2.67,954,,
CAH6,C-CAH3,12/29/2021,1310,1660,1710,1610,1620,1550,30.4,11000,,
PATY,C-PATY1,12/30/2021,,,,,,,,,57.9,46.61210654
PATY,C-PATY2,12/30/2021,,,,,,,,,445,451.2615012
PATY,C-PATY3,12/30/2021,,,,,,,,,1480,1423.389831
PATY,C-PATY1,1/1/2022,,,,,,,,,58,47.62881356
PATY,C-PATY2,1/1/2022,,,,,,,,,452,460.6464891
PATY,C-PATY3,1/1/2022,,,,,,,,,1520,1423.389831
CAH6,C-CAH1,1/1/2022,4.83,6.06,6.47,6.47,5.02,6.77,,,,
CAH6,C-CAH2,1/1/2022,112,131,146,132,130,132,2.54,808,,
CAH6,C-CAH3,1/1/2022,1250,1490,1550,1530,1420,1410,27.9,9340,,
PATY,C-PATY1,1/2/2022,,,,,,,,,56.5,46.37748184
PATY,C-PATY2,1/2/2022,,,,,,,,,482,484.8910412
PATY,C-PATY3,1/2/2022,,,,,,,,,1410,1329.539952
PATY,C-PATY1,1/5/2022,,,,,,,,,58.9,46.53389831
PATY,C-PATY1,1/5/2022,,,,,,,,,60.4,46.69031477
PATY,C-PATY2,1/5/2022,,,,,,,,,437,436.401937
PATY,C-PATY3,1/5/2022,,,,,,,,,1440,1360.823245
PATY,C-PATY3,1/5/2022,,,,,,,,,1490,1454.673123
CAH6,C-CAH1,1/5/2022,4.91,5.89,6.43,6.21,5.31,5.51,,,,
CAH6,C-CAH2,1/5/2022,112,139,141,135,134,128,2.58,911,,
CAH6,C-CAH3,1/5/2022,1190,1510,1530,1430,1470,1380,28.2,8960,,
PATY,C-PATY1,1/6/2022,,,,,,,,,56.6,44.73510896
PATY,C-PATY2,1/6/2022,,,,,,,,,427,425.4527845
PATY,C-PATY3,1/6/2022,,,,,,,,,1590,1540.702179
PATY,C-PATY1,1/7/2022,,,,,,,,,61.8,50.91355932
PATY,C-PATY2,1/7/2022,,,,,,,,,454,471.5956416
PATY,C-PATY3,1/7/2022,,,,,,,,,1500,1446.8523
PATY,C-PATY1,1/8/2022,,,,,,,,,57.9,46.92493947
PATY,C-PATY2,1/8/2022,,,,,,,,,483,491.9297821
PATY,C-PATY3,1/8/2022,,,,,,,,,1630,1548.523002
PATY,C-PATY1,1/9/2022,,,,,,,,,59.8,49.97506053
PATY,C-PATY2,1/9/2022,,,,,,,,,463,473.9418886
PATY,C-PATY3,1/9/2022,,,,,,,,,1450,1399.927361
CAH6,C-CAH1,1/9/2022,4.69,6.59,7.13,6.65,4.38,4.91,,,,
CAH6,C-CAH2,1/9/2022,107,132,140,128,129,124,2.62,828,,
CAH6,C-CAH3,1/9/2022,1200,1500,1560,1470,1420,1410,28.6,9400,,
PATY,C-PATY1,1/12/2022,,,,,,,,,61.5,51.77384988
PATY,C-PATY2,1/12/2022,,,,,,,,,470,478.6343826
PATY,C-PATY3,1/12/2022,,,,,,,,,1470,1392.106538
CAH6,C-CAH1,1/12/2022,5.74,6.68,7.66,6.82,4.61,6.2,,,,
CAH6,C-CAH2,1/12/2022,114,141,148,141,142,135,2.72,794,,
CAH6,C-CAH3,1/12/2022,1280,1580,1690,1630,1560,1480,30.1,10000,,
PATY,C-PATY1,1/13/2022,,,,,,,,,58.5,48.41089588
PATY,C-PATY2,1/13/2022,,,,,,,,,441,443.440678
PATY,C-PATY3,1/13/2022,,,,,,,,,1360,1329.539952
PATY,C-PATY1,1/14/2022,,,,,,,,,65.7,55.84067797
PATY,C-PATY2,1/14/2022,,,,,,,,,459,461.4285714
PATY,C-PATY3,1/14/2022,,,,,,,,,1400,1368.644068
PATY,C-PATY1,1/15/2022,,,,,,,,,61.7,51.53922518
PATY,C-PATY2,1/15/2022,,,,,,,,,423,418.4140436
PATY,C-PATY3,1/15/2022,,,,,,,,,1450,1370
CAH6,C-CAH1,1/15/2022,4.62,6.93,6.83,6.69,5.09,5.86,,,,
CAH6,C-CAH2,1/15/2022,111,135,140,132,121,122,2.47,768,,
CAH6,C-CAH3,1/15/2022,1200,1450,1450,1390,1380,1310,26.4,9290,,
PATY,C-PATY1,1/16/2022,,,,,,,,,59.6,49.11476998
PATY,C-PATY2,1/16/2022,,,,,,,,,422,424.6707022
PATY,C-PATY3,1/16/2022,,,,,,,,,1420,1370
PATY,C-PATY1,1/19/2022,,,,,,,,,57.9,46.768523
PATY,C-PATY2,1/19/2022,,,,,,,,,447,443
PATY,C-PATY3,1/19/2022,,,,,,,,,1410,1340
CAH6,C-CAH1,1/19/2022,4.81,7.31,6.91,7.11,6.11,6.04,,,,
CAH6,C-CAH2,1/19/2022,97,126,131,121,118,117,2.36,730,,
CAH6,C-CAH3,1/19/2022,1150,1440,1540,1410,1340,1370,27.1,8610,,
CAH6,C-CAH2,1/19/2022,,,,,120,,,,,
PATY,C-PATY1,1/20/2022,,,,,,,,,55.1,44.73510896
PATY,C-PATY2,1/20/2022,,,,,,,,,437,438
PATY,C-PATY3,1/20/2022,,,,,,,,,1380,1310
PATY,C-PATY1,1/21/2022,,,,,,,,,55.2,45.4
PATY,C-PATY1,1/21/2022,,,,,,,,,59.1,47.9
PATY,C-PATY2,1/21/2022,,,,,,,,,372,373
PATY,C-PATY2,1/21/2022,,,,,,,,,452,449
PATY,C-PATY3,1/21/2022,,,,,,,,,1410,1350
PATY,C-PATY3,1/21/2022,,,,,,,,,1520,1450
PATY,C-PATY1,1/22/2022,,,,,,,,,53.4,43.7
PATY,C-PATY2,1/22/2022,,,,,,,,,463,466
PATY,C-PATY3,1/22/2022,,,,,,,,,1550,1420
CAH6,C-CAH1,1/22/2022,4.83,6.3,6.41,6.47,5.22,4.67,,,,
CAH6,C-CAH2,1/22/2022,107,133,135,133,130,119,2.58,874,,
CAH6,C-CAH3,1/22/2022,1180,1490,1560,1470,1450,1370,28.3,9880,,
PATY,C-PATY1,1/23/2022,,,,,,,,,56.4,46.1
PATY,C-PATY1,1/23/2022,,,,,,,,,62.2,50.9
PATY,C-PATY2,1/23/2022,,,,,,,,,412,398
PATY,C-PATY2,1/23/2022,,,,,,,,,468,463
PATY,C-PATY3,1/23/2022,,,,,,,,,1410,1330
PATY,C-PATY3,1/23/2022,,,,,,,,,1550,1470
PATY,C-PATY1,1/26/2022,,,,,,,,,65.2,52.3
PATY,C-PATY2,1/26/2022,,,,,,,,,441,434
PATY,C-PATY3,1/26/2022,,,,,,,,,1620,1500
CAH6,C-CAH1,1/26/2022,5.02,6.8,6.09,6.41,4.56,5.28,,,,
CAH6,C-CAH2,1/26/2022,115,126,142,133,132,127,2.6,805,,
CAH6,C-CAH3,1/26/2022,1210,1550,1570,1500,1420,1460,28.4,9310,,
PATY,C-PATY1,1/27/2022,,,,,,,,,60.2,49.3
PATY,C-PATY2,1/27/2022,,,,,,,,,449,450
PATY,C-PATY3,1/27/2022,,,,,,,,,1640,1570
PATY,C-PATY1,1/28/2022,,,,,,,,,53.1,43
PATY,C-PATY1,1/28/2022,,,,,,,,,61.3,48.7
PATY,C-PATY2,1/28/2022,,,,,,,,,447,434
PATY,C-PATY2,1/28/2022,,,,,,,,,449,458
PATY,C-PATY3,1/28/2022,,,,,,,,,1500,1420
PATY,C-PATY3,1/28/2022,,,,,,,,,1550,1480
PATY,C-PATY1,1/29/2022,,,,,,,,,61.2,47.7
PATY,C-PATY2,1/29/2022,,,,,,,,,478,476
PATY,C-PATY3,1/29/2022,,,,,,,,,1590,1540
CAH6,C-CAH1,1/29/2022,4.71,5.74,6.73,6.97,6.53,5.2,,,,
CAH6,C-CAH2,1/29/2022,129,142,166,153,156,147,2.91,1000,,
CAH6,C-CAH3,1/29/2022,1270,1550,1670,1450,1580,1400,28.6,10500,,
PATY,C-PATY1,1/30/2022,,,,,,,,,61.9,48.7
PATY,C-PATY2,1/30/2022,,,,,,,,,497,489
PATY,C-PATY3,1/30/2022,,,,,,,,,1540,1480
PATY,C-PATY1,2/2/2022,,,,,,,,,66.9,51.3
PATY,C-PATY2,2/2/2022,,,,,,,,,513,514
PATY,C-PATY3,2/2/2022,,,,,,,,,1460,1410
CAH6,C-CAH1,2/2/2022,6.09,5.47,6.57,6.38,6.32,4.3,,,,
CAH6,C-CAH2,2/2/2022,112,134,148,138,127,127,2.6,878,,
CAH6,C-CAH3,2/2/2022,1270,1530,1610,1580,1500,1440,28.3,9290,,
PATY,C-PATY1,2/3/2022,,,,,,,,,60.5,50.2
PATY,C-PATY2,2/3/2022,,,,,,,,,448,445
PATY,C-PATY3,2/3/2022,,,,,,,,,1410,1360
PATY,C-PATY1,2/4/2022,,,,,,,,,64.5,53.9
PATY,C-PATY2,2/4/2022,,,,,,,,,460,462
PATY,C-PATY3,2/4/2022,,,,,,,,,1430,1380
PATY,C-PATY1,2/5/2022,,,,,,,,,62.4,52.4
PATY,C-PATY2,2/5/2022,,,,,,,,,460,460
PATY,C-PATY3,2/5/2022,,,,,,,,,1610,1540
CAH6,C-CAH1,2/5/2022,5.51,5.95,7.27,7,5.36,5.23,,,,
CAH6,C-CAH2,2/5/2022,130,153,162,151,157,144,2.88,926,,
CAH6,C-CAH3,2/5/2022,1310,1610,1650,1610,1530,1480,30.5,9720,,
PATY,C-PATY1,2/6/2022,,,,,,,,,69.8,56.5
PATY,C-PATY2,2/6/2022,,,,,,,,,442,444
PATY,C-PATY3,2/6/2022,,,,,,,,,1510,1410
PATY,C-PATY1,2/9/2022,,,,,,,,,59,48.8
PATY,C-PATY2,2/9/2022,,,,,,,,,429,431
PATY,C-PATY3,2/9/2022,,,,,,,,,1580,1500
CAH6,C-CAH1,2/9/2022,5.93,6.99,6.71,7.15,5.03,4.55,,,,
CAH6,C-CAH2,2/9/2022,119,138,136,137,132,122,2.58,871,,
CAH6,C-CAH3,2/9/2022,1240,1470,1560,1460,1390,1400,28.2,9350,,
PATY,C-PATY1,2/10/2022,,,,,,,,,63,53.4
PATY,C-PATY2,2/10/2022,,,,,,,,,436,437
PATY,C-PATY3,2/10/2022,,,,,,,,,1560,1490
PATY,C-PATY1,2/11/2022,,,,,,,,,59.2,48.4
PATY,C-PATY2,2/11/2022,,,,,,,,,452,450
PATY,C-PATY3,2/11/2022,,,,,,,,,1470,1400
PATY,C-PATY1,2/12/2022,,,,,,,,,53.9,43.9
PATY,C-PATY2,2/12/2022,,,,,,,,,448,451
PATY,C-PATY3,2/12/2022,,,,,,,,,1420,1360
CAH6,C-CAH1,2/12/2022,5.06,5.54,6.3,6.9,6.54,4.88,,,,
CAH6,C-CAH2,2/12/2022,121,149,155,154,153,141,2.83,1000,,
CAH6,C-CAH3,2/12/2022,1170,1480,1500,1520,1360,1330,28,9530,,
CAH6,C-CAH2,2/12/2022,,,,,133,,,,,
PATY,C-PATY1,2/13/2022,,,,,,,,,60.7,50.9
PATY,C-PATY2,2/13/2022,,,,,,,,,451,453
PATY,C-PATY3,2/13/2022,,,,,,,,,1480,1410
PATY,C-PATY1,2/16/2022,,,,,,,,,50.5,57.1
PATY,C-PATY1,2/16/2022,,,,,,,,,51.7,57.9
PATY,C-PATY1,2/16/2022,,,,,,,,,52.3,59.1
PATY,C-PATY1,2/16/2022,,,,,,,,,53.6,60.3
PATY,C-PATY1,2/16/2022,,,,,,,,,57.6,47.2
PATY,C-PATY1,2/16/2022,,,,,,,,,59.5,67.3
PATY,C-PATY2,2/16/2022,,,,,,,,,468,476
PATY,C-PATY3,2/16/2022,,,,,,,,,1520,1440
CAH6,C-CAH1,2/16/2022,5.88,6.1,7.96,7.39,5.69,6.52,,,,
CAH6,C-CAH2,2/16/2022,145,164,179,182,175,163,3.26,1030,,
CAH6,C-CAH3,2/16/2022,1300,1620,1680,1660,1540,1490,30,10200,,
PATY,C-PATY1,2/17/2022,,,,,,,,,49.8,59.2
PATY,C-PATY1,2/17/2022,,,,,,,,,52.4,57.1
PATY,C-PATY1,2/17/2022,,,,,,,,,52.7,58.5
PATY,C-PATY1,2/17/2022,,,,,,,,,52.9,59.4
PATY,C-PATY1,2/17/2022,,,,,,,,,53.2,46.8
PATY,C-PATY1,2/17/2022,,,,,,,,,54.4,60.5
PATY,C-PATY2,2/17/2022,,,,,,,,,446,451
PATY,C-PATY3,2/17/2022,,,,,,,,,1500,1440
PATY,C-PATY1,2/18/2022,,,,,,,,,58.9,47.8
PATY,C-PATY2,2/18/2022,,,,,,,,,449,446
PATY,C-PATY3,2/18/2022,,,,,,,,,1540,1480
PATY,C-PATY1,2/19/2022,,,,,,,,,52.1,58.5
PATY,C-PATY1,2/19/2022,,,,,,,,,60.9,51.3
PATY,C-PATY2,2/19/2022,,,,,,,,,492,487
PATY,C-PATY3,2/19/2022,,,,,,,,,1650,1550
CAH6,C-CAH1,2/19/2022,5.1,7.4,7,6.2,4.6,5.9,,,,
CAH6,C-CAH2,2/19/2022,132,161,163,153,148,143,2.9,910,,
CAH6,C-CAH3,2/19/2022,1299,1441,1521,1536,1425,1415,27.3,8564,,
PATY,C-PATY1,2/20/2022,,,,,,,,,57.9,65.3
PATY,C-PATY1,2/20/2022,,,,,,,,,62.9,50.9
PATY,C-PATY2,2/20/2022,,,,,,,,,478,473
PATY,C-PATY3,2/20/2022,,,,,,,,,1460,1420
PATY,C-PATY3,2/20/2022,,,,,,,,,1480,1390
PATY,C-PATY1,2/23/2022,,,,,,,,,63,51.6
PATY,C-PATY2,2/23/2022,,,,,,,,,485,496
PATY,C-PATY3,2/23/2022,,,,,,,,,1490,1410
CAH6,C-CAH1,2/23/2022,5.11,5.48,6.8,6.61,5.77,5.9,,,,
CAH6,C-CAH2,2/23/2022,128,152,164,147,144,144,2.86,914,,
CAH6,C-CAH3,2/23/2022,1240,1570,1630,1540,1350,1450,29.4,9650,,
PATY,C-PATY1,2/24/2022,,,,,,,,,59,65.7
PATY,C-PATY1,2/24/2022,,,,,,,,,64.5,49.3
PATY,C-PATY2,2/24/2022,,,,,,,,,516,527
PATY,C-PATY3,2/24/2022,,,,,,,,,1430,1350
PATY,C-PATY3,2/24/2022,,,,,,,,,1450,1410
PATY,C-PATY1,2/25/2022,,,,,,,,,57.1,62.8
PATY,C-PATY1,2/25/2022,,,,,,,,,61.8,49
PATY,C-PATY2,2/25/2022,,,,,,,,,455,459
PATY,C-PATY3,2/25/2022,,,,,,,,,1430,1380
PATY,C-PATY3,2/25/2022,,,,,,,,,1480,1420
PATY,C-PATY1,2/26/2022,,,,,,,,,55,61.5
PATY,C-PATY1,2/26/2022,,,,,,,,,61.4,49.4
PATY,C-PATY2,2/26/2022,,,,,,,,,459,453
PATY,C-PATY2,2/26/2022,,,,,,,,,493,498
PATY,C-PATY3,2/26/2022,,,,,,,,,1500,1480
PATY,C-PATY3,2/26/2022,,,,,,,,,1520,1480
PATY,C-PATY3,2/26/2022,,,,,,,,,1640,1560
CAH6,C-CAH1,2/26/2022,5.17,4.82,7.29,6.84,5.18,5.62,,,,
CAH6,C-CAH2,2/26/2022,132,158,162,153,150,142,2.98,913,,
CAH6,C-CAH3,2/26/2022,1280,1540,1710,1590,1510,1490,29.6,9950,,
PATY,C-PATY1,2/27/2022,,,,,,,,,56.5,45
PATY,C-PATY1,2/27/2022,,,,,,,,,56.7,62.5
PATY,C-PATY2,2/27/2022,,,,,,,,,486,486
PATY,C-PATY3,2/27/2022,,,,,,,,,1490,1450
PATY,C-PATY3,2/27/2022,,,,,,,,,1550,1460
PATY,C-PATY1,3/2/2022,,,,,,,,,61,48.2
PATY,C-PATY2,3/2/2022,,,,,,,,,492,485
PATY,C-PATY3,3/2/2022,,,,,,,,,1450,1370
CAH6,C-CAH1,3/2/2022,5.16,4.97,6.49,6.55,5.75,7.03,,,,
CAH6,C-CAH2,3/2/2022,123,149,155,151,152,149,2.9,916,,
CAH6,C-CAH3,3/2/2022,1160,1490,1600,1560,1490,1410,28.3,9050,,
PATY,C-PATY1,3/3/2022,,,,,,,,,55.6,62.4
PATY,C-PATY1,3/3/2022,,,,,,,,,56.9,44.4
PATY,C-PATY2,3/3/2022,,,,,,,,,427,437
PATY,C-PATY2,3/3/2022,,,,,,,,,463,468
PATY,C-PATY3,3/3/2022,,,,,,,,,1490,1450
PATY,C-PATY3,3/3/2022,,,,,,,,,1610,1530
PATY,C-PATY1,3/4/2022,,,,,,,,,55.5,62.6
PATY,C-PATY1,3/4/2022,,,,,,,,,64.4,50
PATY,C-PATY2,3/4/2022,,,,,,,,,485,483
PATY,C-PATY2,3/4/2022,,,,,,,,,503,513
PATY,C-PATY3,3/4/2022,,,,,,,,,1430,1370
PATY,C-PATY3,3/4/2022,,,,,,,,,1480,1460
PATY,C-PATY1,3/5/2022,,,,,,,,,59.2,48.2
PATY,C-PATY2,3/5/2022,,,,,,,,,434,437
PATY,C-PATY3,3/5/2022,,,,,,,,,1610,1530
CAH6,C-CAH1,3/5/2022,5.44,5.93,6.96,6.32,4.84,5.89,,,,
CAH6,C-CAH2,3/5/2022,132,162,169,156,154,158,3.02,997,,
CAH6,C-CAH3,3/5/2022,1250,1520,1640,1510,1470,1410,28.4,8710,,
PATY,C-PATY1,3/6/2022,,,,,,,,,60,48.5
PATY,C-PATY2,3/6/2022,,,,,,,,,434,434
PATY,C-PATY3,3/6/2022,,,,,,,,,1550,1460
PATY,C-PATY1,3/9/2022,,,,,,,,,57.6,46.6
PATY,C-PATY2,3/9/2022,,,,,,,,,463,464
PATY,C-PATY3,3/9/2022,,,,,,,,,1520,1440
CAH6,C-CAH1,3/9/2022,5.3,5.78,6.73,6.75,5.7,6.76,,,,
CAH6,C-CAH2,3/9/2022,126,156,163,156,150,138,2.84,948,,
CAH6,C-CAH3,3/9/2022,1120,1580,1670,1520,1480,1360,28.1,9010,,
CAH6,C-CAH2,3/9/2022,,,,148,,,,,,
PATY,C-PATY1,3/10/2022,,,,,,,,,55.2,44.2
PATY,C-PATY2,3/10/2022,,,,,,,,,456,459
PATY,C-PATY3,3/10/2022,,,,,,,,,1400,1350
PATY,C-PATY1,3/11/2022,,,,,,,,,59.6,48.3
PATY,C-PATY2,3/11/2022,,,,,,,,,463,464
PATY,C-PATY3,3/11/2022,,,,,,,,,1620,1620
PATY,C-PATY1,3/12/2022,,,,,,,,,58.1,47.1
PATY,C-PATY2,3/12/2022,,,,,,,,,475,476
PATY,C-PATY3,3/12/2022,,,,,,,,,1510,1460
CAH6,C-CAH1,3/12/2022,5.65,5.02,6.49,6.67,5,6.48,,,,
CAH6,C-CAH2,3/12/2022,128,157,167,152,139,138,2.82,975,,
CAH6,C-CAH3,3/12/2022,1270,1540,1690,1550,1510,1500,29.3,10600,,
PATY,C-PATY1,3/13/2022,,,,,,,,,59.6,47.5
PATY,C-PATY2,3/13/2022,,,,,,,,,440,444
PATY,C-PATY3,3/13/2022,,,,,,,,,1410,1390
PATY,C-PATY1,3/16/2022,,,,,,,,,54.8,43
PATY,C-PATY2,3/16/2022,,,,,,,,,500,498
PATY,C-PATY3,3/16/2022,,,,,,,,,1630,1590
CAH6,C-CAH1,3/16/2022,5.13,5.44,6.63,5.87,3.91,6.74,,,,
CAH6,C-CAH2,3/16/2022,126,155,159,152,143,147,2.96,1030,,
CAH6,C-CAH3,3/16/2022,1260,1610,1710,1560,1550,1570,30.3,10900,,
PATY,C-PATY1,3/17/2022,,,,,,,,,62.7,52.4
PATY,C-PATY2,3/17/2022,,,,,,,,,496,525
PATY,C-PATY3,3/17/2022,,,,,,,,,1350,1320
PATY,C-PATY1,3/18/2022,,,,,,,,,58,46.8
PATY,C-PATY1,3/18/2022,,,,,,,,,58,46.3
PATY,C-PATY2,3/18/2022,,,,,,,,,442,441
PATY,C-PATY2,3/18/2022,,,,,,,,,462,464
PATY,C-PATY3,3/18/2022,,,,,,,,,1580,1590
PATY,C-PATY3,3/18/2022,,,,,,,,,1650,1650
PATY,C-PATY1,3/19/2022,,,,,,,,,52.9,43.1
PATY,C-PATY2,3/19/2022,,,,,,,,,454,492
PATY,C-PATY3,3/19/2022,,,,,,,,,1440,1500
CAH6,C-CAH1,3/19/2022,4.01,6.4,5.43,5.43,4.86,5.43,,,,
CAH6,C-CAH2,3/19/2022,123,141,160,145,145,135,2.89,895,,
CAH6,C-CAH3,3/19/2022,1180,1520,1710,1520,1540,1440,28,9650,,
PATY,C-PATY1,3/20/2022,,,,,,,,,59.6,49.7
PATY,C-PATY2,3/20/2022,,,,,,,,,463,469
PATY,C-PATY3,3/20/2022,,,,,,,,,1460,1420
PATY,C-PATY1,3/23/2022,,,,,,,,,58.6,47
PATY,C-PATY2,3/23/2022,,,,,,,,,490,505
PATY,C-PATY3,3/23/2022,,,,,,,,,1560,1500
CAH6,C-CAH1,3/23/2022,4.66,6.07,7.28,6.36,5.86,4.98,,,,
CAH6,C-CAH2,3/23/2022,127,147,159,154,147,140,2.83,1020,,
CAH6,C-CAH3,3/23/2022,1230,1540,1650,1500,1430,1400,27.6,9450,,
PATY,C-PATY1,3/24/2022,,,,,,,,,62.3,51.1
PATY,C-PATY2,3/24/2022,,,,,,,,,452,468
PATY,C-PATY3,3/24/2022,,,,,,,,,1500,1470
PATY,C-PATY1,3/25/2022,,,,,,,,,60.2,50.4
PATY,C-PATY2,3/25/2022,,,,,,,,,493,523
PATY,C-PATY3,3/25/2022,,,,,,,,,1330,1300
PATY,C-PATY1,3/26/2022,,,,,,,,,64.1,53
PATY,C-PATY2,3/26/2022,,,,,,,,,485,487
PATY,C-PATY3,3/26/2022,,,,,,,,,1440,1440
PATY,C-PATY1,3/27/2022,,,,,,,,,58.1,47.3
PATY,C-PATY2,3/27/2022,,,,,,,,,480,493
PATY,C-PATY1,3/30/2022,,,,,,,,,58.6,47.5
PATY,C-PATY2,3/30/2022,,,,,,,,,452,479
PATY,C-PATY1,3/31/2022,,,,,,,,,61.8,51.7
PATY,C-PATY2,3/31/2022,,,,,,,,,480,496
CAH6,C-CAH1,3/31/2022,3.09,5.21,6.31,7.19,6.41,5.37,,,,
CAH6,C-CAH1,3/31/2022,4,,,,,,,,,
CAH6,C-CAH2,3/31/2022,111,158,158,150,146,149,3.02,1000,,
CAH6,C-CAH3,3/31/2022,1100,1500,1620,1510,1430,1390,28.5,9480,,
PATY,C-PATY1,4/2/2022,,,,,,,,,64,51.7
PATY,C-PATY2,4/2/2022,,,,,,,,,457,469
PATY,C-PATY1,4/6/2022,,,,,,,,,54.6,62.9
PATY,C-PATY1,4/6/2022,,,,,,,,,74.8,62.5
PATY,C-PATY2,4/6/2022,,,,,,,,,448,464
CAH6,C-CAH1,4/7/2022,4.16,5.57,5.78,6.42,5.19,4.68,,,,
CAH6,C-CAH2,4/7/2022,110,140,156,137,133,129,2.75,888,,
PATY,C-PATY1,4/8/2022,,,,,,,,,56.5,63.2
PATY,C-PATY1,4/9/2022,,,,,,,,,53,60.4
PATY,C-PATY2,4/9/2022,,,,,,,,,475,483
PATY,C-PATY3,4/9/2022,,,,,,,,,1500,1460
PATY,C-PATY1,4/13/2022,,,,,,,,,66.6,73.2
PATY,C-PATY2,4/13/2022,,,,,,,,,482,496
PATY,C-PATY3,4/13/2022,,,,,,,,,1470,1450
PATY,C-PATY1,4/14/2022,,,,,,,,,56.1,64.5
PATY,C-PATY2,4/14/2022,,,,,,,,,474,488
PATY,C-PATY3,4/14/2022,,,,,,,,,1550,1560
CAH6,C-CAH1,4/14/2022,4.57,4.91,5.68,5.16,5.05,5.78,,,,
CAH6,C-CAH2,4/14/2022,137,166,166,158,155,146,3.04,,,
CAH6,C-CAH3,4/14/2022,1200,1600,1600,1550,1420,1370,29.2,,,
PATY,C-PATY1,4/16/2022,,,,,,,,,52.3,57.9
PATY,C-PATY2,4/16/2022,,,,,,,,,478,489
PATY,C-PATY3,4/16/2022,,,,,,,,,1390,1360
CAH6,C-CAH1,4/16/2022,4.54,5.7,7.18,6.18,6.35,4.6,,,,
CAH6,C-CAH2,4/16/2022,128,151,152,147,140,135,2.96,856,,
CAH6,C-CAH3,4/16/2022,1320,1540,1630,1480,1400,1400,28.8,9800,,
PATY,C-PATY1,4/17/2022,,,,,,,,,49.7,56.7
PATY,C-PATY2,4/17/2022,,,,,,,,,446,453
PATY,C-PATY3,4/17/2022,,,,,,,,,1500,1460
PATY,C-PATY1,4/20/2022,,,,,,,,,52.6,60.5
PATY,C-PATY2,4/20/2022,,,,,,,,,448,461
PATY,C-PATY3,4/20/2022,,,,,,,,,1290,1300
CAH6,C-CAH1,4/21/2022,4.27,6.34,6.45,5.72,4.97,4.22,,,,
CAH6,C-CAH2,4/21/2022,128,149,166,153,145,143,2.98,993,,
CAH6,C-CAH3,4/21/2022,1320,1570,1760,1630,1530,1370,29.2,9050,,
PATY,C-PATY1,4/22/2022,,,,,,,,,53.3,61.4
PATY,C-PATY1,4/22/2022,,,,,,,,,55.2,61.5
PATY,C-PATY2,4/22/2022,,,,,,,,,465,517
PATY,C-PATY2,4/22/2022,,,,,,,,,505,519
PATY,C-PATY3,4/22/2022,,,,,,,,,1420,1370
PATY,C-PATY3,4/22/2022,,,,,,,,,1430,1390
PATY,C-PATY1,4/23/2022,,,,,,,,,54.2,61.2
PATY,C-PATY2,4/23/2022,,,,,,,,,428,449
PATY,C-PATY3,4/23/2022,,,,,,,,,1330,1330
PATY,C-PATY1,4/24/2022,,,,,,,,,50.3,56.7
PATY,C-PATY2,4/24/2022,,,,,,,,,514,530
PATY,C-PATY3,4/24/2022,,,,,,,,,1470,1400
PATY,C-PATY1,4/27/2022,,,,,,,,,47.1,53.5
PATY,C-PATY2,4/27/2022,,,,,,,,,481,506
PATY,C-PATY3,4/27/2022,,,,,,,,,1500,1450
CAH6,C-CAH1,4/27/2022,6.45,5.23,6.97,5.72,5.3,4.45,,,,
CAH6,C-CAH2,4/27/2022,127,156,164,155,146,149,3.02,944,,
CAH6,C-CAH3,4/27/2022,1200,1530,1570,1470,1430,1420,29.1,9460,,
PATY,C-PATY1,4/29/2022,,,,,,,,,50.3,55.3
PATY,C-PATY2,4/29/2022,,,,,,,,,421,430
PATY,C-PATY3,4/29/2022,,,,,,,,,1440,1410
CAH6,C-CAH1,4/30/2022,5.05,5.54,7.43,6.66,5.44,5.98,,,,
CAH6,C-CAH2,4/30/2022,125,152,161,151,148,143,2.95,946,,
CAH6,C-CAH3,4/30/2022,1250,1570,1640,1590,1430,1420,29.1,9520,,
PATY,C-PATY1,5/1/2022,,,,,,,,,53,59.3
PATY,C-PATY2,5/1/2022,,,,,,,,,449,455
PATY,C-PATY3,5/1/2022,,,,,,,,,1500,1490
PATY,C-PATY1,5/4/2022,,,,,,,,,48.6,54.3
PATY,C-PATY2,5/4/2022,,,,,,,,,445,455
PATY,C-PATY3,5/4/2022,,,,,,,,,1340,1300
PATY,C-PATY1,5/5/2022,,,,,,,,,49.8,56.2
PATY,C-PATY2,5/5/2022,,,,,,,,,441,453
PATY,C-PATY3,5/5/2022,,,,,,,,,1410,1400
CAH6,C-CAH1,5/5/2022,3.96,5.82,6.99,6.05,6.02,4.34,,,,
CAH6,C-CAH1,5/5/2022,5.19,,,,,,,,,
CAH6,C-CAH2,5/5/2022,119,145,168,160,153,152,3.1,1050,,
CAH6,C-CAH3,5/5/2022,1230,1480,1560,1560,1570,1460,30.7,11800,,
CAH6,C-CAH3,5/5/2022,,,,,,,,10000,,
PATY,C-PATY1,5/6/2022,,,,,,,,,48.1,52
PATY,C-PATY1,5/6/2022,,,,,,,,,55.5,64.4
PATY,C-PATY2,5/6/2022,,,,,,,,,445,446
PATY,C-PATY2,5/6/2022,,,,,,,,,456,470
PATY,C-PATY3,5/6/2022,,,,,,,,,1520,1550
PATY,C-PATY3,5/6/2022,,,,,,,,,1560,1520
PATY,C-PATY1,5/8/2022,,,,,,,,,54.4,62.8
PATY,C-PATY2,5/8/2022,,,,,,,,,472,471
PATY,C-PATY3,5/8/2022,,,,,,,,,1330,1330
PATY,C-PATY1,5/12/2022,,,,,,,,,48.5,56
PATY,C-PATY2,5/12/2022,,,,,,,,,405,413
PATY,C-PATY3,5/12/2022,,,,,,,,,1340,1360
CAH6,C-CAH1,5/12/2022,4.54,6.33,6.85,6.12,6.19,4.3,,,,
CAH6,C-CAH2,5/12/2022,122,156,161,155,151,137,3.01,963,,
CAH6,C-CAH3,5/12/2022,1170,1570,1610,1520,1480,1420,28.7,9560,,
PATY,C-PATY1,5/14/2022,,,,,,,,,52.1,58
PATY,C-PATY2,5/14/2022,,,,,,,,,410,420
PATY,C-PATY3,5/14/2022,,,,,,,,,1410,1420
PATY,C-PATY1,5/15/2022,,,,,,,,,54,61.5
PATY,C-PATY2,5/15/2022,,,,,,,,,422,430
PATY,C-PATY3,5/15/2022,,,,,,,,,1360,1340
PATY,C-PATY1,5/18/2022,,,,,,,,,51,60.8
PATY,C-PATY2,5/18/2022,,,,,,,,,447,481
PATY,C-PATY3,5/18/2022,,,,,,,,,1480,1500
CAH6,C-CAH1,5/19/2022,4.06,6.49,7.02,5.98,6.1,3.7,,,,
CAH6,C-CAH2,5/19/2022,124,153,162,154,149,146,2.75,969,,
CAH6,C-CAH3,5/19/2022,1110,1510,1640,1480,1380,1450,27.2,8730,,
PATY,C-PATY1,5/20/2022,,,,,,,,,48,56.4
PATY,C-PATY2,5/20/2022,,,,,,,,,406,428
PATY,C-PATY3,5/20/2022,,,,,,,,,1450,1470
PATY,C-PATY1,5/22/2022,,,,,,,,,52.3,60.5
PATY,C-PATY2,5/22/2022,,,,,,,,,386,424
PATY,C-PATY3,5/22/2022,,,,,,,,,1460,1470
PATY,C-PATY1,5/26/2022,,,,,,,,,49.5,57.6
PATY,C-PATY1,5/26/2022,,,,,,,,,52.3,60.7
PATY,C-PATY2,5/26/2022,,,,,,,,,399,427
PATY,C-PATY2,5/26/2022,,,,,,,,,402,426
PATY,C-PATY3,5/26/2022,,,,,,,,,1460,1470
PATY,C-PATY3,5/26/2022,,,,,,,,,1490,1480
CAH6,C-CAH1,5/26/2022,4.44,7.18,6.57,5.63,6.42,6.24,,,,
CAH6,C-CAH2,5/26/2022,130,152,174,146,143,142,2.96,1070,,
CAH6,C-CAH3,5/26/2022,1190,1530,1590,1430,1500,1390,28.8,10300,,
PATY,C-PATY1,5/27/2022,,,,,,,,,45.2,51.4
PATY,C-PATY2,5/27/2022,,,,,,,,,423,442
PATY,C-PATY3,5/27/2022,,,,,,,,,1490,1480
PATY,C-PATY1,5/28/2022,,,,,,,,,49.1,57.5
PATY,C-PATY2,5/28/2022,,,,,,,,,427,448
PATY,C-PATY3,5/28/2022,,,,,,,,,1540,1530
PATY,C-PATY1,5/29/2022,,,,,,,,,51.8,56
PATY,C-PATY2,5/29/2022,,,,,,,,,429,444
PATY,C-PATY3,5/29/2022,,,,,,,,,1530,1580
CAH6,C-CAH1,6/1/2022,4.51,6.03,7.49,6.38,5.93,7.81,,,,
CAH6,C-CAH2,6/1/2022,127,143,157,157,138,145,2.86,665,,
CAH6,C-CAH3,6/1/2022,1380,1650,1800,1640,1570,1590,30.9,9640,,
CAH6,C-CAH1,6/1/2022,,,,,,6.24,,,,
CAH6,C-CAH2,6/1/2022,,,,,,,,732,,
PATY,C-PATY1,6/2/2022,,,,,,,,,51.7,58.9
PATY,C-PATY2,6/2/2022,,,,,,,,,457,482
PATY,C-PATY3,6/2/2022,,,,,,,,,1470,1480
PATY,C-PATY1,6/3/2022,,,,,,,,,49.4,56.6
PATY,C-PATY2,6/3/2022,,,,,,,,,444,459
PATY,C-PATY3,6/3/2022,,,,,,,,,1400,1400
PATY,C-PATY1,6/4/2022,,,,,,,,,44.4,50.9
PATY,C-PATY2,6/4/2022,,,,,,,,,459,477
PATY,C-PATY3,6/4/2022,,,,,,,,,1550,1590
CAH6,C-CAH1,6/4/2022,3.59,5.8,7.52,6.52,6.38,3.81,,,,
CAH6,C-CAH1,6/4/2022,4.73,,,,,5.48,,,,
CAH6,C-CAH2,6/4/2022,123,158,165,152,165,138,3.01,978,,
CAH6,C-CAH3,6/4/2022,1250,1460,1520,1430,1470,1300,28.2,8590,,
PATY,C-PATY1,6/5/2022,,,,,,,,,59.9,71.8
PATY,C-PATY2,6/5/2022,,,,,,,,,467,481
PATY,C-PATY3,6/5/2022,,,,,,,,,1390,1430
PATY,C-PATY1,6/8/2022,,,,,,,,,52.3,61.1
PATY,C-PATY2,6/8/2022,,,,,,,,,506,531
PATY,C-PATY3,6/8/2022,,,,,,,,,1340,1350
CAH6,C-CAH1,6/8/2022,5.67,6.17,6.68,4.84,6.16,4.73,,,,
CAH6,C-CAH2,6/8/2022,121,140,165,153,160,147,2.86,896,,
CAH6,C-CAH3,6/8/2022,1290,1480,1610,1570,1490,1380,28.6,10400,,
PATY,C-PATY1,6/9/2022,,,,,,,,,46.7,54
PATY,C-PATY2,6/9/2022,,,,,,,,,448,483
PATY,C-PATY3,6/9/2022,,,,,,,,,1340,1360
PATY,C-PATY1,6/10/2022,,,,,,,,,52.5,62.2
PATY,C-PATY2,6/10/2022,,,,,,,,,421,449
PATY,C-PATY3,6/10/2022,,,,,,,,,1410,1400
PATY,C-PATY1,6/11/2022,,,,,,,,,50.1,60.6
PATY,C-PATY2,6/11/2022,,,,,,,,,459,487
PATY,C-PATY3,6/11/2022,,,,,,,,,1470,1510
CAH6,C-CAH1,6/11/2022,3.81,5.36,6.88,6.46,6.1,4.39,,,,
CAH6,C-CAH2,6/11/2022,127,163,164,153,157,148,3.01,871,,
CAH6,C-CAH3,6/11/2022,1310,1630,1710,1630,1620,1490,30.2,9280,,
PATY,C-PATY1,6/12/2022,,,,,,,,,44.9,53.3
PATY,C-PATY2,6/12/2022,,,,,,,,,410,436
PATY,C-PATY3,6/12/2022,,,,,,,,,1450,1480
PATY,C-PATY1,6/15/2022,,,,,,,,,48.8,58.8
PATY,C-PATY2,6/15/2022,,,,,,,,,427,446
PATY,C-PATY3,6/15/2022,,,,,,,,,1510,1540
CAH6,C-CAH1,6/15/2022,4.13,6.27,6.49,5.85,5.91,6.99,,,,
CAH6,C-CAH2,6/15/2022,117,148,147,141,143,131,2.8,995,,
CAH6,C-CAH3,6/15/2022,1150,1500,1500,1500,1430,1360,28.8,10300,,
PATY,C-PATY1,6/16/2022,,,,,,,,,52.4,62
PATY,C-PATY2,6/16/2022,,,,,,,,,439,457
PATY,C-PATY3,6/16/2022,,,,,,,,,1460,1470
PATY,C-PATY1,6/17/2022,,,,,,,,,55.6,66.5
PATY,C-PATY2,6/17/2022,,,,,,,,,434,460
PATY,C-PATY3,6/17/2022,,,,,,,,,1480,1450
PATY,C-PATY1,6/18/2022,,,,,,,,,50.2,57.5
PATY,C-PATY2,6/18/2022,,,,,,,,,426,447
PATY,C-PATY3,6/18/2022,,,,,,,,,1520,1480
CAH6,C-CAH1,6/18/2022,3.86,5.26,6.12,5.58,6.45,6.06,,,,
CAH6,C-CAH2,6/18/2022,111,138,148,135,133,129,2.56,770,,
CAH6,C-CAH3,6/18/2022,1080,1440,1500,1420,1310,1300,25.5,9010,,
PATY,C-PATY1,6/19/2022,,,,,,,,,50,60.2
PATY,C-PATY2,6/19/2022,,,,,,,,,411,432
PATY,C-PATY3,6/19/2022,,,,,,,,,1560,1530
PATY,C-PATY1,6/22/2022,,,,,,,,,52.5,62.5
PATY,C-PATY2,6/22/2022,,,,,,,,,414,441
PATY,C-PATY3,6/22/2022,,,,,,,,,1520,1470
CAH6,C-CAH1,6/22/2022,2.31,5.65,5.57,5.3,6.1,6.18,,,,
CAH6,C-CAH1,6/22/2022,3.89,,,,,,,,,
CAH6,C-CAH2,6/22/2022,111,141,148,136,134,130,2.62,841,,
CAH6,C-CAH3,6/22/2022,1090,1370,1470,1360,1410,1280,25.3,8750,,
PATY,C-PATY1,6/23/2022,,,,,,,,,47.6,55.1
PATY,C-PATY2,6/23/2022,,,,,,,,,405,423
PATY,C-PATY3,6/23/2022,,,,,,,,,1450,1420
PATY,C-PATY1,6/24/2022,,,,,,,,,45.4,54.3
PATY,C-PATY2,6/24/2022,,,,,,,,,423,439
PATY,C-PATY3,6/24/2022,,,,,,,,,1380,1340
PATY,C-PATY1,6/25/2022,,,,,,,,,58.1,67.3
PATY,C-PATY2,6/25/2022,,,,,,,,,455,462
PATY,C-PATY3,6/25/2022,,,,,,,,,1580,1560
CAH6,C-CAH1,6/25/2022,3.05,6.54,6.72,5.75,5.78,4.74,,,,
CAH6,C-CAH2,6/25/2022,111,153,154,140,138,137,2.74,898,,
CAH6,C-CAH3,6/25/2022,1080,1520,1510,1450,1410,1320,26.5,9330,,
PATY,C-PATY1,6/26/2022,,,,,,,,,52.6,61.2
PATY,C-PATY2,6/26/2022,,,,,,,,,440,451
PATY,C-PATY3,6/26/2022,,,,,,,,,1490,1500
PATY,C-PATY1,6/29/2022,,,,,,,,,57.4,66
PATY,C-PATY2,6/29/2022,,,,,,,,,448,451
PATY,C-PATY3,6/29/2022,,,,,,,,,1500,1520
CAH6,C-CAH1,6/29/2022,4.66,5.84,6,5.23,5.22,3.14,,,,
CAH6,C-CAH2,6/29/2022,107,139,146,147,130,132,2.59,916,,
CAH6,C-CAH3,6/29/2022,1050,1440,1450,1460,1380,1410,26.6,10200,,
PATY,C-PATY1,6/30/2022,,,,,,,,,49.4,55.8
PATY,C-PATY2,6/30/2022,,,,,,,,,418,433
PATY,C-PATY3,6/30/2022,,,,,,,,,1620,1590
PATY,C-PATY1,7/1/2022,,,,,,,,,55.4,63.4
PATY,C-PATY2,7/1/2022,,,,,,,,,446,460
PATY,C-PATY3,7/1/2022,,,,,,,,,1550,1470
CAH6,C-CAH1,7/1/2022,4.38,5.19,6.38,5.93,5.77,5.14,,,,
CAH6,C-CAH2,7/1/2022,117,150,152,147,143,136,2.74,1010,,
CAH6,C-CAH3,7/1/2022,1190,1650,1560,1530,1440,1500,30.7,9830,,
PATY,C-PATY1,7/2/2022,,,,,,,,,52.3,59.6
PATY,C-PATY2,7/2/2022,,,,,,,,,472,483
PATY,C-PATY3,7/2/2022,,,,,,,,,1480,1450
CAH6,C-CAH1,7/2/2022,3.72,6.24,5.74,6.28,5,5.57,,,,
CAH6,C-CAH2,7/2/2022,109,150,161,140,143,141,2.8,1010,,
CAH6,C-CAH3,7/2/2022,1180,1470,1700,1480,1480,1370,28.2,10200,,
PATY,C-PATY1,7/3/2022,,,,,,,,,54.8,63
PATY,C-PATY2,7/3/2022,,,,,,,,,438,455
PATY,C-PATY3,7/3/2022,,,,,,,,,1450,1410
CAH6,C-CAH1,7/6/2022,3.7,6.63,6.21,5.67,6.31,5.01,,,,
CAH6,C-CAH2,7/6/2022,110,139,132,138,129,123,2.53,793,,
CAH6,C-CAH3,7/6/2022,1150,1510,1570,1480,1390,1330,28.9,8290,,
PATY,C-PATY1,7/7/2022,,,,,,,,,54.6,63.7
PATY,C-PATY2,7/7/2022,,,,,,,,,459,478
PATY,C-PATY3,7/7/2022,,,,,,,,,1480,1410
PATY,C-PATY1,7/8/2022,,,,,,,,,56.8,65
PATY,C-PATY2,7/8/2022,,,,,,,,,445,450
PATY,C-PATY3,7/8/2022,,,,,,,,,1470,1420
PATY,C-PATY1,7/9/2022,,,,,,,,,55.3,60.5
PATY,C-PATY2,7/9/2022,,,,,,,,,492,506
PATY,C-PATY3,7/9/2022,,,,,,,,,1400,1350
CAH6,C-CAH1,7/9/2022,4.77,6.2,7.2,5.17,6.08,5.86,,,,
CAH6,C-CAH2,7/9/2022,106,128,135,128,118,118,2.5,668,,
CAH6,C-CAH3,7/9/2022,1160,1470,1530,1390,1370,1350,28.1,7690,,
PATY,C-PATY1,7/10/2022,,,,,,,,,57.1,64.9
PATY,C-PATY2,7/10/2022,,,,,,,,,459,475
PATY,C-PATY3,7/10/2022,,,,,,,,,1360,1390
PATY,C-PATY1,7/13/2022,,,,,,,,,55.2,62.4
PATY,C-PATY2,7/13/2022,,,,,,,,,498,512
PATY,C-PATY3,7/13/2022,,,,,,,,,1450,1390
CAH6,C-CAH1,7/13/2022,5.01,4.64,5.69,5.28,4.97,4.93,,,,
CAH6,C-CAH2,7/13/2022,116,144,156,149,145,136,2.69,929,,
CAH6,C-CAH3,7/13/2022,1160,1530,1670,1600,1500,1540,29.7,11300,,
PATY,C-PATY1,7/14/2022,,,,,,,,,55,60.4
PATY,C-PATY2,7/14/2022,,,,,,,,,485,489
PATY,C-PATY3,7/14/2022,,,,,,,,,1350,1380
PATY,C-PATY1,7/15/2022,,,,,,,,,48.3,52.7
PATY,C-PATY2,7/15/2022,,,,,,,,,456,464
PATY,C-PATY3,7/15/2022,,,,,,,,,1420,1370
PATY,C-PATY1,7/16/2022,,,,,,,,,51.8,57.8
PATY,C-PATY2,7/16/2022,,,,,,,,,433,438
PATY,C-PATY3,7/16/2022,,,,,,,,,1320,1350
CAH6,C-CAH1,7/16/2022,4.32,6.22,7.05,5.38,5.29,5.43,,,,
CAH6,C-CAH2,7/16/2022,108,131,140,135,126,121,2.45,887,,
CAH6,C-CAH3,7/16/2022,1060,1310,1410,1280,1280,1210,24.2,8070,,
PATY,C-PATY1,7/17/2022,,,,,,,,,48.5,53.6
PATY,C-PATY1,7/17/2022,,,,,,,,,51.7,57.7
PATY,C-PATY2,7/17/2022,,,,,,,,,404,403
PATY,C-PATY2,7/17/2022,,,,,,,,,456,467
PATY,C-PATY3,7/17/2022,,,,,,,,,1320,1290
PATY,C-PATY3,7/17/2022,,,,,,,,,1350,1390
PATY,C-PATY1,7/20/2021,,,,,,,,,55.3,48.4
PATY,C-PATY2,7/20/2021,,,,,,,,,446,436
PATY,C-PATY3,7/20/2021,,,,,,,,,1330,1320
CAH6,C-CAH1,7/20/2021,2.91,4.41,5.71,5.58,5.73,4.27,,,,
CAH6,C-CAH2,7/20/2021,107,138,139,143,136,124,2.65,817,,
CAH6,C-CAH3,7/20/2021,1070,1370,1370,1380,1320,1230,26.5,8360,,
PATY,C-PATY1,7/21/2021,,,,,,,,,47.3,54.1
PATY,C-PATY2,7/21/2021,,,,,,,,,406,410
PATY,C-PATY3,7/21/2021,,,,,,,,,1450,1440
PATY,C-PATY1,7/22/2021,,,,,,,,,49.6,57.6
PATY,C-PATY2,7/22/2021,,,,,,,,,407,422
PATY,C-PATY3,7/22/2021,,,,,,,,,1370,1370
PATY,C-PATY1,7/23/2021,,,,,,,,,48.5,57
PATY,C-PATY1,7/23/2021,,,,,,,,,51.6,58.6
PATY,C-PATY2,7/23/2021,,,,,,,,,402,410
PATY,C-PATY2,7/23/2021,,,,,,,,,443,458
PATY,C-PATY3,7/23/2021,,,,,,,,,1180,1200
PATY,C-PATY3,7/23/2021,,,,,,,,,1470,1430
CAH6,C-CAH1,7/23/2021,3.61,4.58,5.88,6.29,4.23,5.99,,,,
CAH6,C-CAH2,7/23/2021,120,146,140,140,138,136,2.74,838,,
CAH6,C-CAH3,7/23/2021,1200,1380,1340,1330,1300,1210,25.9,9260,,
PATY,C-PATY1,7/24/2021,,,,,,,,,47.5,54.5
PATY,C-PATY2,7/24/2021,,,,,,,,,426,441
PATY,C-PATY3,7/24/2021,,,,,,,,,1510,1480
PATY,C-PATY1,7/27/2021,,,,,,,,,49,57.1
PATY,C-PATY2,7/27/2021,,,,,,,,,439,459
PATY,C-PATY3,7/27/2021,,,,,,,,,1420,1400
CAH6,C-CAH1,7/27/2021,4.26,4.47,5.55,5,4.54,4.13,,,,
CAH6,C-CAH2,7/27/2021,105,143,153,143,143,137,2.65,830,,
CAH6,C-CAH3,7/27/2021,1160,1480,1650,1410,1620,1430,27.7,8820,,
PATY,C-PATY1,7/28/2021,,,,,,,,,45.8,53.1
PATY,C-PATY2,7/28/2021,,,,,,,,,417,435
PATY,C-PATY3,7/28/2021,,,,,,,,,1410,1400
PATY,C-PATY1,7/29/2021,,,,,,,,,46.5,54.5
PATY,C-PATY2,7/29/2021,,,,,,,,,430,453
PATY,C-PATY3,7/29/2021,,,,,,,,,1500,1490
PATY,C-PATY1,7/30/2021,,,,,,,,,46,51.5
PATY,C-PATY2,7/30/2021,,,,,,,,,447,454
PATY,C-PATY3,7/30/2021,,,,,,,,,1310,1280
CAH6,C-CAH1,7/30/2021,2.22,4.52,5.96,4.68,4.44,5.02,,,,
CAH6,C-CAH2,7/30/2021,110,147,152,144,136,127,2.81,807,,
CAH6,C-CAH3,7/30/2021,1050,1370,1550,1350,1290,1240,25.3,7190,,
PATY,C-PATY1,7/31/2021,,,,,,,,,53.3,61.5
PATY,C-PATY2,7/31/2021,,,,,,,,,449,460
PATY,C-PATY3,7/31/2021,,,,,,,,,1360,1350
PATY,C-PATY1,8/3/2021,,,,,,,,,49.5,55.5
PATY,C-PATY2,8/3/2021,,,,,,,,,425,427
PATY,C-PATY3,8/3/2021,,,,,,,,,1380,1330
CAH6,C-CAH1,8/3/2021,3.71,4.98,6.71,4.73,5.01,4.56,,,,
CAH6,C-CAH2,8/3/2021,103,135,135,133,124,126,2.51,814,,
CAH6,C-CAH3,8/3/2021,1080,1370,1450,1360,1360,1310,26.4,8720,,
PATY,C-PATY1,8/4/2021,,,,,,,,,50.6,58.9
PATY,C-PATY2,8/4/2021,,,,,,,,,440,447
PATY,C-PATY3,8/4/2021,,,,,,,,,1380,1350
PATY,C-PATY1,8/5/2021,,,,,,,,,49.5,56.3
PATY,C-PATY2,8/5/2021,,,,,,,,,421,441
PATY,C-PATY3,8/5/2021,,,,,,,,,1540,1520
PATY,C-PATY1,8/6/2021,,,,,,,,,48,54.7
PATY,C-PATY2,8/6/2021,,,,,,,,,410,421
PATY,C-PATY3,8/6/2021,,,,,,,,,1430,1390
PATY,C-PATY1,8/7/2021,,,,,,,,,48,55.5
PATY,C-PATY2,8/7/2021,,,,,,,,,411,419
PATY,C-PATY3,8/7/2021,,,,,,,,,1340,1340
PATY,C-PATY1,8/10/2021,,,,,,,,,48.7,56.7
PATY,C-PATY2,8/10/2021,,,,,,,,,423,428
PATY,C-PATY3,8/10/2021,,,,,,,,,1320,1310
CAH6,C-CAH1,8/10/2021,3.53,5.43,6.27,5.27,6.21,5.18,,,,
CAH6,C-CAH2,8/10/2021,113,126,145,133,137,134,2.62,914,,
CAH6,C-CAH3,8/10/2021,1060,1320,1400,1360,1280,1200,25.4,7400,,
PATY,C-PATY1,8/11/2021,,,,,,,,,46.9,52.5
PATY,C-PATY2,8/11/2021,,,,,,,,,408,415
PATY,C-PATY3,8/11/2021,,,,,,,,,1350,1350
PATY,C-PATY1,8/12/2021,,,,,,,,,45.6,50
PATY,C-PATY2,8/12/2021,,,,,,,,,459,460
PATY,C-PATY3,8/12/2021,,,,,,,,,1380,1340
PATY,C-PATY1,8/13/2021,,,,,,,,,50.9,58.3
PATY,C-PATY2,8/13/2021,,,,,,,,,440,448
PATY,C-PATY3,8/13/2021,,,,,,,,,1410,1380
PATY,C-PATY1,8/14/2021,,,,,,,,,47.4,54.7
PATY,C-PATY2,8/14/2021,,,,,,,,,448,470
PATY,C-PATY3,8/14/2021,,,,,,,,,1440,1390
CAH6,C-CAH1,8/14/2021,3.87,5.17,5.83,6,6.06,5.12,,,,
CAH6,C-CAH2,8/14/2021,115,146,155,145,141,145,2.79,866,,
CAH6,C-CAH3,8/14/2021,1250,1570,1580,1530,1480,1470,30.5,9030,,
PATY,C-PATY1,8/17/2021,,,,,,,,,46.7,54
PATY,C-PATY2,8/17/2021,,,,,,,,,442,465
PATY,C-PATY3,8/17/2021,,,,,,,,,1470,1440
CAH6,C-CAH1,8/17/2021,4.1,4.12,5.39,4.4,5.2,4.84,,,,
CAH6,C-CAH2,8/17/2021,113,137,149,136,138,134,2.67,832,,
CAH6,C-CAH3,8/17/2021,1100,1370,1490,1450,1340,1300,28.1,7960,,
PATY,C-PATY1,8/18/2021,,,,,,,,,44.5,51.4
PATY,C-PATY2,8/18/2021,,,,,,,,,456,481
PATY,C-PATY3,8/18/2021,,,,,,,,,1440,1420
PATY,C-PATY1,8/19/2021,,,,,,,,,48.4,54.1
PATY,C-PATY2,8/19/2021,,,,,,,,,440,450
PATY,C-PATY3,8/19/2021,,,,,,,,,1350,1300
PATY,C-PATY1,8/20/2021,,,,,,,,,52,60.5
PATY,C-PATY1,8/20/2021,,,,,,,,,56.6,65.2
PATY,C-PATY2,8/20/2021,,,,,,,,,427,441
PATY,C-PATY2,8/20/2021,,,,,,,,,448,461
PATY,C-PATY3,8/20/2021,,,,,,,,,1450,1480
PATY,C-PATY3,8/20/2021,,,,,,,,,1510,1500
CAH6,C-CAH1,8/20/2021,4.45,4.88,5.74,4.98,5.39,5.19,,,,
CAH6,C-CAH2,8/20/2021,122,139,141,141,139,140,2.75,860,,
CAH6,C-CAH3,8/20/2021,1080,1370,1410,1420,1440,1370,27,7950,,
PATY,C-PATY1,8/21/2021,,,,,,,,,49.2,55.4
PATY,C-PATY2,8/21/2021,,,,,,,,,469,475
PATY,C-PATY3,8/21/2021,,,,,,,,,1310,1350
PATY,C-PATY1,8/24/2021,,,,,,,,,50.4,56.5
PATY,C-PATY2,8/24/2021,,,,,,,,,427,443
PATY,C-PATY3,8/24/2021,,,,,,,,,1400,1390
CAH6,C-CAH1,8/24/2021,3.7,5.19,4.98,4.45,5.16,4.88,,,,
CAH6,C-CAH2,8/24/2021,97.1,129,145,131,122,122,2.53,748,,
CAH6,C-CAH3,8/24/2021,1140,1550,1670,1540,1620,1430,31.4,8350,,
PATY,C-PATY1,8/26/2021,,,,,,,,,48,53.2
PATY,C-PATY2,8/26/2021,,,,,,,,,422,426
PATY,C-PATY3,8/26/2021,,,,,,,,,1380,1380
PATY,C-PATY1,8/27/2021,,,,,,,,,53.2,60.2
PATY,C-PATY2,8/27/2021,,,,,,,,,500,513
PATY,C-PATY3,8/27/2021,,,,,,,,,1430,1430
CAH6,C-CAH1,8/27/2021,2.7,3.9,6.36,5.52,5.48,4.29,,,,
CAH6,C-CAH2,8/27/2021,110,135,143,131,139,127,2.6,917,,
CAH6,C-CAH3,8/27/2021,1180,1530,1670,1610,1520,1410,28.7,9410,,
PATY,C-PATY1,8/28/2021,,,,,,,,,51.7,59.3
PATY,C-PATY2,8/28/2021,,,,,,,,,403,415
PATY,C-PATY3,8/28/2021,,,,,,,,,1400,1400
PATY,C-PATY1,8/31/2021,,,,,,,,,45.3,51.4
PATY,C-PATY2,8/31/2021,,,,,,,,,406,417
PATY,C-PATY3,8/31/2021,,,,,,,,,1430,1430
CAH6,C-CAH1,8/31/2021,4.61,3.95,4.86,5.29,5,5.65,,,,
CAH6,C-CAH2,8/31/2021,108,125,151,144,140,126,2.74,956,,
CAH6,C-CAH3,8/31/2021,1120,1500,1710,1500,1450,1290,28.4,8880,,
PATY,C-PATY1,9/1/2021,,,,,,,,,45.9,53
PATY,C-PATY2,9/1/2021,,,,,,,,,392,412
PATY,C-PATY3,9/1/2021,,,,,,,,,1350,1340
PATY,C-PATY1,9/2/2021,,,,,,,,,45.3,53
PATY,C-PATY2,9/2/2021,,,,,,,,,431,442
PATY,C-PATY3,9/2/2021,,,,,,,,,1420,1370
PATY,C-PATY1,9/3/2021,,,,,,,,,48.9,57.1
PATY,C-PATY2,9/3/2021,,,,,,,,,413,429
PATY,C-PATY3,9/3/2021,,,,,,,,,1380,1360
CAH6,C-CAH1,9/3/2021,2.97,4.29,5.38,4.28,4.79,4.3,,,,
CAH6,C-CAH2,9/3/2021,101,141,142,136,123,123,2.66,844,,
CAH6,C-CAH3,9/3/2021,1170,1570,1570,1480,1450,1370,29,8870,,
PATY,C-PATY1,9/4/2021,,,,,,,,,46.1,53.9
PATY,C-PATY2,9/4/2021,,,,,,,,,423,426
PATY,C-PATY3,9/4/2021,,,,,,,,,1330,1300
PATY,C-PATY1,9/8/2021,,,,,,,,,49.9,57.4
PATY,C-PATY2,9/8/2021,,,,,,,,,437,452
PATY,C-PATY3,9/8/2021,,,,,,,,,1420,1410
CAH6,C-CAH1,9/8/2021,2.79,3.61,5.66,4.35,5.43,3.8,,,,
CAH6,C-CAH2,9/8/2021,105,130,146,138,134,130,2.57,899,,
CAH6,C-CAH3,9/8/2021,1060,1310,1420,1400,1140,1200,25.4,9490,,
PATY,C-PATY1,9/9/2021,,,,,,,,,51.9,60.3
PATY,C-PATY2,9/9/2021,,,,,,,,,404,410
PATY,C-PATY3,9/9/2021,,,,,,,,,1380,1390
PATY,C-PATY1,9/10/2021,,,,,,,,,49.5,56.4
PATY,C-PATY2,9/10/2021,,,,,,,,,410,415
PATY,C-PATY3,9/10/2021,,,,,,,,,1400,1430
CAH6,C-CAH1,9/10/2021,3.9,6.66,6.53,5.57,5.62,4.37,,,,
CAH6,C-CAH2,9/10/2021,110,127,136,137,136,124,2.67,917,,
CAH6,C-CAH3,9/10/2021,1110,1350,1460,1390,1330,1370,27,9890,,
PATY,C-PATY1,9/11/2021,,,,,,,,,46.6,54.1
PATY,C-PATY2,9/11/2021,,,,,,,,,409,425
PATY,C-PATY3,9/11/2021,,,,,,,,,1350,1360
PATY,C-PATY1,9/14/2021,,,,,,,,,52.1,58.8
PATY,C-PATY2,9/14/2021,,,,,,,,,421,432
PATY,C-PATY3,9/14/2021,,,,,,,,,1300,1320
CAH6,C-CAH1,9/14/2021,4.32,,,,,,,,,
CAH6,C-CAH2,9/14/2021,132,,,,,,,,,
CAH6,C-CAH3,9/14/2021,1180,,,,,,,,,
PATY,C-PATY1,9/15/2021,,,,,,,,,53,59.4
PATY,C-PATY2,9/15/2021,,,,,,,,,400,407
PATY,C-PATY3,9/15/2021,,,,,,,,,1290,1300
PATY,C-PATY1,9/16/2021,,,,,,,,,48,57.3
PATY,C-PATY2,9/16/2021,,,,,,,,,435,455
PATY,C-PATY3,9/16/2021,,,,,,,,,1380,1400
PATY,C-PATY1,9/17/2021,,,,,,,,,45.3,50.9
PATY,C-PATY2,9/17/2021,,,,,,,,,426,443
PATY,C-PATY3,9/17/2021,,,,,,,,,1390,1380
CAH6,C-CAH1,9/17/2021,3.79,4.66,6.07,6.51,4.82,5.81,,,,
CAH6,C-CAH2,9/17/2021,107,132,134,130,128,122,2.5,801,,
CAH6,C-CAH3,9/17/2021,1250,1480,1540,1420,1420,1370,28.4,8460,,
PATY,C-PATY1,9/18/2021,,,,,,,,,49.8,59.9
PATY,C-PATY2,9/18/2021,,,,,,,,,440,468
PATY,C-PATY3,9/18/2021,,,,,,,,,1370,1360
PATY,C-PATY1,9/21/2021,,,,,,,,,45.3,53.9
PATY,C-PATY2,9/21/2021,,,,,,,,,385,412
PATY,C-PATY3,9/21/2021,,,,,,,,,1440,1420
CAH6,C-CAH1,9/21/2021,3.48,4.62,6.08,7.05,3.7,3.59,,,,
CAH6,C-CAH2,9/21/2021,110,142,147,144,138,136,2.72,927,,
CAH6,C-CAH3,9/21/2021,1130,1390,1400,1360,1290,1250,26.4,9060,,
PATY,C-PATY1,9/24/2021,,,,,,,,,47,55.3
PATY,C-PATY1,9/24/2021,,,,,,,,,47.5,54.5
PATY,C-PATY2,9/24/2021,,,,,,,,,396,414
PATY,C-PATY2,9/24/2021,,,,,,,,,413,434
PATY,C-PATY3,9/24/2021,,,,,,,,,1330,1320
PATY,C-PATY3,9/24/2021,,,,,,,,,1390,1380
CAH6,C-CAH1,9/24/2021,4.23,4.73,6.43,5.69,5.07,3.94,,,,
CAH6,C-CAH2,9/24/2021,102,141,147,131,129,127,2.74,752,,
CAH6,C-CAH3,9/24/2021,1200,1540,1580,1510,1490,1350,29.3,10100,,
PATY,C-PATY1,9/25/2021,,,,,,,,,46.8,54.8
PATY,C-PATY2,9/25/2021,,,,,,,,,412,429
PATY,C-PATY3,9/25/2021,,,,,,,,,1550,1490
PATY,C-PATY1,9/28/2021,,,,,,,,,44.5,51.1
PATY,C-PATY2,9/28/2021,,,,,,,,,421,435
PATY,C-PATY3,9/28/2021,,,,,,,,,1500,1470
CAH6,C-CAH1,9/28/2021,2.05,4.12,5.94,5.5,5.35,5.28,,,,
CAH6,C-CAH2,9/28/2021,116,126,152,142,130,132,2.64,911,,
CAH6,C-CAH3,9/28/2021,1120,1340,1500,1430,1330,1270,26.9,8100,,
PATY,C-PATY1,9/29/2021,,,,,,,,,46.3,52.6
PATY,C-PATY2,9/29/2021,,,,,,,,,415,431
PATY,C-PATY3,9/29/2021,,,,,,,,,1490,1470
PATY,C-PATY1,9/30/2021,,,,,,,,,46.5,52.7
PATY,C-PATY2,9/30/2021,,,,,,,,,401,411
PATY,C-PATY3,9/30/2021,,,,,,,,,1580,1530
PATY,C-PATY1,10/1/2021,,,,,,,,,47.4,54.2
PATY,C-PATY2,10/1/2021,,,,,,,,,425,434
PATY,C-PATY3,10/1/2021,,,,,,,,,1440,1450
CAH6,C-CAH1,10/1/2021,2.63,5.66,6.06,6.41,5.13,5.27,,,,
CAH6,C-CAH2,10/1/2021,119,158,152,150,140,147,2.88,984,,
CAH6,C-CAH3,10/1/2021,1180,1510,1510,1490,1390,1370,28.3,8650,,
PATY,C-PATY1,10/2/2021,,,,,,,,,54.3,61.3
PATY,C-PATY1,10/2/2021,,,,,,,,,58.3,62.6
PATY,C-PATY2,10/2/2021,,,,,,,,,417,426
PATY,C-PATY2,10/2/2021,,,,,,,,,429,433
PATY,C-PATY3,10/2/2021,,,,,,,,,1210,1300
PATY,C-PATY3,10/2/2021,,,,,,,,,1340,1250
PATY,C-PATY1,10/5/2021,,,,,,,,,52.3,59.3
PATY,C-PATY2,10/5/2021,,,,,,,,,469,477
PATY,C-PATY3,10/5/2021,,,,,,,,,1320,1390
CAH6,C-CAH1,10/5/2021,3.58,4.95,5.46,6.71,5.1,4.37,,,,
CAH6,C-CAH2,10/5/2021,107,137,139,129,128,128,2.57,698,,
CAH6,C-CAH3,10/5/2021,1100,1300,1360,1270,1270,1230,25.6,9200,,
PATY,C-PATY1,10/6/2021,,,,,,,,,55.2,62.7
PATY,C-PATY2,10/6/2021,,,,,,,,,429,439
PATY,C-PATY3,10/6/2021,,,,,,,,,1430,1430
PATY,C-PATY1,10/7/2021,,,,,,,,,47.7,55.2
PATY,C-PATY2,10/7/2021,,,,,,,,,397,421
PATY,C-PATY3,10/7/2021,,,,,,,,,1470,1440
CAH6,C-CAH1,10/8/2021,3.59,5.19,6.81,5,5.54,5.23,,,,
CAH6,C-CAH2,10/8/2021,103,138,146,134,129,124,2.58,790,,
CAH6,C-CAH3,10/8/2021,1040,1370,1430,1370,1280,1270,26,7880,,
PATY,C-PATY1,10/9/2021,,,,,,,,,47.7,57.8
PATY,C-PATY2,10/9/2021,,,,,,,,,413,454
PATY,C-PATY3,10/9/2021,,,,,,,,,1350,1350
PATY,C-PATY1,10/12/2021,,,,,,,,,45.1,54.9
PATY,C-PATY2,10/12/2021,,,,,,,,,390,428
PATY,C-PATY3,10/12/2021,,,,,,,,,1410,1380
CAH6,C-CAH1,10/12/2021,3.63,4.85,5.62,5.54,5.14,4.53,,,,
CAH6,C-CAH2,10/12/2021,110,135,145,137,138,133,2.59,790,,
CAH6,C-CAH3,10/12/2021,1100,1380,1470,1410,1390,1260,26,8290,,
PATY,C-PATY1,10/13/2021,,,,,,,,,46.2,56.6
PATY,C-PATY2,10/13/2021,,,,,,,,,400,439
PATY,C-PATY3,10/13/2021,,,,,,,,,1420,1400
PATY,C-PATY1,10/14/2021,,,,,,,,,51.2,61.1
PATY,C-PATY2,10/14/2021,,,,,,,,,483,510
PATY,C-PATY3,10/14/2021,,,,,,,,,1350,1360
PATY,C-PATY1,10/15/2021,,,,,,,,,51.6,59.2
PATY,C-PATY2,10/15/2021,,,,,,,,,454,462
PATY,C-PATY3,10/15/2021,,,,,,,,,1410,1380
CAH6,C-CAH1,10/15/2021,3.35,4.74,5.81,5.56,6.34,2.96,,,,
CAH6,C-CAH2,10/15/2021,102,138,137,140,135,122,2.6,796,,
CAH6,C-CAH3,10/15/2021,1000,1320,1330,1560,1240,1140,25.8,8250,,
PATY,C-PATY1,10/16/2021,,,,,,,,,49.8,55
PATY,C-PATY1,10/16/2021,,,,,,,,,50.5,58.7
PATY,C-PATY2,10/16/2021,,,,,,,,,427,448
PATY,C-PATY2,10/16/2021,,,,,,,,,433,445
PATY,C-PATY3,10/16/2021,,,,,,,,,1450,1430
PATY,C-PATY3,10/16/2021,,,,,,,,,1450,1410
PATY,C-PATY1,10/19/2021,,,,,,,,,62.2,53.4
PATY,C-PATY2,10/19/2021,,,,,,,,,446,448
PATY,C-PATY3,10/19/2021,,,,,,,,,1460,1420
CAH6,C-CAH1,10/19/2021,4.15,5.43,6.35,5.8,5.86,5.78,,,,
CAH6,C-CAH2,10/19/2021,109,134,140,131,137,130,2.67,892,,
CAH6,C-CAH3,10/19/2021,1210,1440,1480,1350,1310,1310,26.8,8250,,
PATY,C-PATY1,10/20/2021,,,,,,,,,57.5,66.6
PATY,C-PATY2,10/20/2021,,,,,,,,,481,501
PATY,C-PATY3,10/20/2021,,,,,,,,,1490,1430
PATY,C-PATY1,10/21/2021,,,,,,,,,56.3,63.9
PATY,C-PATY2,10/21/2021,,,,,,,,,450,461
PATY,C-PATY3,10/21/2021,,,,,,,,,1430,1380
PATY,C-PATY1,10/22/2021,,,,,,,,,52.5,59
PATY,C-PATY2,10/22/2021,,,,,,,,,434,445
PATY,C-PATY3,10/22/2021,,,,,,,,,1360,1350
CAH6,C-CAH1,10/22/2021,3.37,4.93,5.58,6.35,4.69,5.84,,,,
CAH6,C-CAH2,10/22/2021,104,134,136,149,129,133,2.61,666,,
CAH6,C-CAH3,10/22/2021,1050,1340,1420,1330,1290,1290,25.9,8580,,
PATY,C-PATY1,10/23/2021,,,,,,,,,51.7,58.1
PATY,C-PATY2,10/23/2021,,,,,,,,,447,456
PATY,C-PATY3,10/23/2021,,,,,,,,,1440,1440
PATY,C-PATY1,10/26/2021,,,,,,,,,51.9,58.4
PATY,C-PATY2,10/26/2021,,,,,,,,,452,462
PATY,C-PATY3,10/26/2021,,,,,,,,,1520,1480
CAH6,C-CAH1,10/26/2021,4.17,4.26,5.81,4.63,5.38,4.28,,,,
CAH6,C-CAH2,10/26/2021,101,137,139,130,131,122,2.56,877,,
CAH6,C-CAH3,10/26/2021,1100,1370,1470,1330,1330,1270,26.5,8730,,
PATY,C-PATY1,10/27/2021,,,,,,,,,52.1,57.8
PATY,C-PATY2,10/27/2021,,,,,,,,,436,439
PATY,C-PATY3,10/27/2021,,,,,,,,,1380,1390
CAH6,C-CAH1,10/27/2021,4.04,,,,,,,,,
CAH6,C-CAH2,10/27/2021,127,,,,,,,,,
CAH6,C-CAH3,10/27/2021,1250,,,,,,,,,
PATY,C-PATY1,10/28/2021,,,,,,,,,50.5,56.8
PATY,C-PATY2,10/28/2021,,,,,,,,,462,464
PATY,C-PATY3,10/28/2021,,,,,,,,,1490,1470
PATY,C-PATY1,10/29/2021,,,,,,,,,53.6,61.7
PATY,C-PATY2,10/29/2021,,,,,,,,,441,452
PATY,C-PATY3,10/29/2021,,,,,,,,,1340,1350
CAH6,C-CAH1,10/29/2021,4.71,4.93,5.64,5.14,5.58,4.5,,,,
CAH6,C-CAH2,10/29/2021,109,137,141,126,127,129,2.64,796,,
CAH6,C-CAH3,10/29/2021,1020,1330,1400,1320,1230,1250,25.7,6910,,
PATY,C-PATY1,10/30/2021,,,,,,,,,50.1,58.2
PATY,C-PATY2,10/30/2021,,,,,,,,,410,418
PATY,C-PATY3,10/30/2021,,,,,,,,,1360,1340
PATY,C-PATY1,11/2/2021,,,,,,,,,47.9,54
PATY,C-PATY2,11/2/2021,,,,,,,,,451,463
PATY,C-PATY3,11/2/2021,,,,,,,,,1450,1440
CAH6,C-CAH1,11/2/2021,3.39,4.69,6.2,5.53,5.25,4.45,,,,
CAH6,C-CAH2,11/2/2021,111,140,141,136,128,127,2.62,755,,
CAH6,C-CAH3,11/2/2021,1050,1370,1440,1410,1260,1250,25.6,9170,,
PATY,C-PATY1,11/3/2021,,,,,,,,,49.7,59.6
PATY,C-PATY2,11/3/2021,,,,,,,,,447,458
PATY,C-PATY3,11/3/2021,,,,,,,,,1520,1490
PATY,C-PATY1,11/4/2021,,,,,,,,,48.6,55.4
PATY,C-PATY2,11/4/2021,,,,,,,,,484,504
PATY,C-PATY3,11/4/2021,,,,,,,,,1450,1400
CAH6,C-CAH1,11/5/2021,3.21,4.74,6.4,6.1,4.98,5.25,,,,
CAH6,C-CAH2,11/5/2021,104,138,141,132,127,125,2.57,847,,
CAH6,C-CAH3,11/5/2021,1080,1330,1440,1320,1230,1230,26.1,8040,,
PATY,C-PATY1,11/9/2021,,,,,,,,,50.1,57.6
PATY,C-PATY2,11/9/2021,,,,,,,,,447,464
PATY,C-PATY3,11/9/2021,,,,,,,,,1520,1480
CAH6,C-CAH1,11/9/2021,2.99,4.78,6.23,4.95,4.97,4.94,,,,
CAH6,C-CAH2,11/9/2021,108,136,143,137,125,124,2.6,762,,
CAH6,C-CAH3,11/9/2021,1090,1370,1450,1450,1280,1240,26.8,7850,,
PATY,C-PATY1,11/10/2021,,,,,,,,,51,58.3
PATY,C-PATY2,11/10/2021,,,,,,,,,432,442
PATY,C-PATY3,11/10/2021,,,,,,,,,1600,1540
PATY,C-PATY1,11/11/2021,,,,,,,,,50.1,58
PATY,C-PATY2,11/11/2021,,,,,,,,,423,449
PATY,C-PATY3,11/11/2021,,,,,,,,,1480,1460
CAH6,C-CAH1,11/12/2021,3.69,4.37,6.03,5.11,5.14,5.44,,,,
CAH6,C-CAH2,11/12/2021,107,139,140,134,132,127,2.73,866,,
CAH6,C-CAH3,11/12/2021,1040,1310,1390,1350,1340,1260,25.6,7990,,
PATY,C-PATY1,11/13/2021,,,,,,,,,57.8,65
PATY,C-PATY2,11/13/2021,,,,,,,,,474,480
PATY,C-PATY3,11/13/2021,,,,,,,,,1490,1460
CAH6,C-CAH1,11/16/2021,3.04,4.97,5.94,4.97,4.84,5.59,,,,
CAH6,C-CAH2,11/16/2021,108,135,141,134,130,127,2.47,774,,
CAH6,C-CAH3,11/16/2021,1110,1370,1500,1390,1370,1290,25.2,8080,,
PATY,C-PATY1,11/17/2021,,,,,,,,,56.8,63.2
PATY,C-PATY2,11/17/2021,,,,,,,,,471,468
PATY,C-PATY3,11/17/2021,,,,,,,,,1540,1510
PATY,C-PATY1,11/18/2021,,,,,,,,,56.6,64.2
PATY,C-PATY2,11/18/2021,,,,,,,,,462,463
PATY,C-PATY3,11/18/2021,,,,,,,,,1540,1510
PATY,C-PATY1,11/19/2021,,,,,,,,,55.4,63.5
PATY,C-PATY2,11/19/2021,,,,,,,,,466,470
PATY,C-PATY3,11/19/2021,,,,,,,,,1530,1480
CAH6,C-CAH1,11/19/2021,4.25,4.57,6.07,5.27,4.84,5.15,,,,
CAH6,C-CAH2,11/19/2021,107,134,142,132,129,129,2.52,792,,
CAH6,C-CAH3,11/19/2021,1090,1360,1390,1370,1330,1290,26,8370,,
PATY,C-PATY1,11/20/2021,,,,,,,,,52.9,60.4
PATY,C-PATY1,11/20/2021,,,,,,,,,53.2,59.8
PATY,C-PATY2,11/20/2021,,,,,,,,,437,440
PATY,C-PATY2,11/20/2021,,,,,,,,,440,438
PATY,C-PATY3,11/20/2021,,,,,,,,,1390,1410
PATY,C-PATY3,11/20/2021,,,,,,,,,1440,1400
PATY,C-PATY1,11/23/2021,,,,,,,,,58.6,66.6
PATY,C-PATY2,11/23/2021,,,,,,,,,463,466
PATY,C-PATY3,11/23/2021,,,,,,,,,1350,1400
CAH6,C-CAH1,11/23/2021,3.84,4.71,6.13,5.55,4.72,4.41,,,,
CAH6,C-CAH2,11/23/2021,106,139,145,139,140,128,2.68,854,,
CAH6,C-CAH3,11/23/2021,1070,1370,1430,1330,1280,1250,26,7990,,
PATY,C-PATY1,11/25/2021,,,,,,,,,51,59.8
PATY,C-PATY2,11/25/2021,,,,,,,,,423,433
CAH6,C-CAH1,11/25/2021,3.43,4.6,6.13,5.35,5.49,4.76,,,,
CAH6,C-CAH2,11/25/2021,112,134,141,130,126,130,2.5,863,,
CAH6,C-CAH3,11/25/2021,1020,1330,1370,1350,1300,1240,25.5,7550,,
PATY,C-PATY1,11/27/2021,,,,,,,,,48.6,55.1
PATY,C-PATY2,11/27/2021,,,,,,,,,453,464
CAH6,C-CAH1,11/30/2021,3.01,3.85,5.33,4.75,4.52,4.21,,,,
CAH6,C-CAH2,11/30/2021,109,137,146,141,127,129,2.61,794,,
CAH6,C-CAH3,11/30/2021,1070,1370,1500,1440,1310,1270,26.2,9670,,
PATY,C-PATY1,12/1/2021,,,,,,,,,51,59.6
PATY,C-PATY2,12/1/2021,,,,,,,,,430,460
PATY,C-PATY1,12/2/2021,,,,,,,,,53.5,64.5
PATY,C-PATY2,12/2/2021,,,,,,,,,447,468
PATY,C-PATY1,12/3/2021,,,,,,,,,51.5,59.9
PATY,C-PATY2,12/3/2021,,,,,,,,,457,472
PATY,C-PATY2,12/3/2021,,,,,,,,,479,481.7627119
PATY,C-PATY3,12/3/2021,,,,,,,,,1360,1306.077482
CAH6,C-CAH1,12/3/2021,3.68,4.43,6.02,5.44,5.5,4.48,,,,
CAH6,C-CAH2,12/3/2021,99.9,134,141,130,134,127,2.61,735,,
CAH6,C-CAH3,12/3/2021,1050,1430,1540,1330,1410,1290,27.1,7810,,
PATY,C-PATY2,12/4/2021,,,,,,,,,405,404.3365617
PATY,C-PATY3,12/4/2021,,,,,,,,,1310,1227.869249
